interval_begin;interval_end;interval_id;edge_arrived;edge_density;edge_departed;edge_entered;edge_id;edge_laneChangedFrom;edge_laneChangedTo;edge_laneDensity;edge_left;edge_occupancy;edge_overlapTraveltime;edge_sampledSeconds;edge_speed;edge_timeLoss;edge_traveltime;edge_waitingTime
0.00;100.00;EdgeMesurements;0;0.25;0;2;10;1;1;0.08;0;0.04;45.33;11.71;10.54;2.20;44.86;0.00
0.00;100.00;EdgeMesurements;0;2.14;0;4;14;6;6;0.71;1;0.35;34.37;101.09;13.90;7.46;34.03;0.00
0.00;100.00;EdgeMesurements;0;3.50;5;0;16;5;5;1.17;4;0.58;40.65;165.58;11.75;28.84;39.83;0.00
0.00;100.00;EdgeMesurements;0;4.34;3;0;17;2;2;1.45;3;0.72;69.11;205.11;6.91;110.14;67.76;66.00
0.00;100.00;EdgeMesurements;0;7.93;3;6;18;3;3;2.64;1;1.31;60.29;374.99;7.93;164.59;59.63;103.00
0.00;100.00;EdgeMesurements;0;4.49;5;1;19;6;6;1.50;4;0.74;42.37;212.08;11.28;33.45;41.51;0.00
0.00;100.00;EdgeMesurements;0;3.33;5;1;20;1;1;1.11;3;0.55;43.34;157.25;11.02;25.84;42.64;0.00
0.00;100.00;EdgeMesurements;0;5.63;4;0;21;2;2;1.88;1;0.93;71.81;266.04;6.65;146.47;69.16;95.00
0.00;100.00;EdgeMesurements;0;5.99;4;4;22;3;3;2.00;5;0.98;42.47;283.37;11.25;36.27;41.67;0.00
0.00;100.00;EdgeMesurements;0;8.07;3;6;23;12;12;2.69;7;1.32;46.42;381.52;10.29;101.74;45.41;37.00
0.00;100.00;EdgeMesurements;0;6.39;4;0;24;2;2;2.13;0;1.06;96.50;302.00;4.95;195.79;95.49;157.00
0.00;100.00;EdgeMesurements;0;6.12;5;1;25;4;4;2.04;4;1.01;55.28;289.15;8.64;111.25;54.21;55.00
0.00;100.00;EdgeMesurements;0;3.02;4;0;26;2;2;1.01;3;0.50;41.66;142.76;11.47;19.57;40.89;0.00
0.00;100.00;EdgeMesurements;0;7.12;3;6;27;4;4;2.37;5;1.17;45.13;336.84;10.59;73.52;44.32;22.00
0.00;100.00;EdgeMesurements;0;3.45;0;4;3;1;1;1.15;4;0.56;40.81;163.23;11.71;28.77;39.97;0.00
0.00;100.00;EdgeMesurements;0;2.99;0;3;30;4;4;1.00;1;0.49;47.71;141.18;10.01;36.51;47.26;11.00
0.00;100.00;EdgeMesurements;0;0.87;0;1;31;0;0;0.29;1;0.14;41.28;41.28;11.57;3.76;40.46;0.00
0.00;100.00;EdgeMesurements;0;2.45;0;3;33;6;6;0.82;0;0.41;46.61;116.05;10.25;25.89;46.12;16.00
0.00;100.00;EdgeMesurements;0;6.80;6;4;34;7;7;2.27;5;1.12;41.16;321.27;11.61;48.83;40.40;3.00
0.00;100.00;EdgeMesurements;0;6.68;5;5;35;2;2;2.23;5;1.10;46.23;315.83;10.34;72.13;45.33;28.00
0.00;100.00;EdgeMesurements;0;3.64;1;4;36;3;3;1.21;2;0.60;48.51;172.21;9.85;55.48;47.78;28.00
0.00;100.00;EdgeMesurements;0;3.15;3;0;37;2;2;1.05;3;0.51;50.17;148.89;9.52;39.00;46.13;4.00
0.00;100.00;EdgeMesurements;0;6.85;6;4;38;6;6;2.28;6;1.13;42.06;323.92;11.36;63.08;41.13;8.00
0.00;100.00;EdgeMesurements;0;7.98;1;8;39;6;6;2.66;7;1.31;45.74;377.33;10.45;97.88;44.87;41.00
0.00;100.00;EdgeMesurements;0;8.32;6;2;40;1;1;2.77;1;1.38;70.38;393.24;6.79;205.94;69.64;167.00
0.00;100.00;EdgeMesurements;0;3.04;3;1;41;2;2;1.01;3;0.50;43.72;143.90;10.93;28.62;42.73;0.00
0.00;100.00;EdgeMesurements;0;3.43;3;2;42;3;3;1.14;2;0.57;43.53;162.34;10.98;40.51;42.80;18.00
0.00;100.00;EdgeMesurements;1;8.90;7;6;43;3;3;2.97;5;1.47;44.76;420.57;10.67;102.75;44.00;17.00
0.00;100.00;EdgeMesurements;0;3.37;3;1;44;2;2;1.12;2;0.56;53.80;159.24;8.88;51.72;52.90;32.00
0.00;100.00;EdgeMesurements;0;2.53;2;1;45;0;0;0.84;3;0.42;40.14;119.57;11.90;17.24;39.30;0.00
0.00;100.00;EdgeMesurements;0;1.18;0;10;47;5;5;0.39;0;0.19;36.51;55.89;13.09;4.86;36.13;0.00
0.00;100.00;EdgeMesurements;0;1.32;0;2;48;0;0;0.44;1;0.22;38.34;62.61;12.46;5.63;37.64;0.00
0.00;100.00;EdgeMesurements;0;3.65;0;3;49;2;2;1.22;0;0.60;58.49;172.36;8.17;77.80;57.88;45.00
0.00;100.00;EdgeMesurements;0;3.14;0;3;50;7;7;1.05;0;0.52;50.34;148.30;9.49;46.53;49.81;14.00
0.00;100.00;EdgeMesurements;0;9.61;3;7;52;10;10;3.20;3;1.58;48.81;454.22;9.79;124.20;48.10;40.00
0.00;100.00;EdgeMesurements;0;7.25;8;1;53;12;12;2.42;6;1.20;44.88;342.93;10.65;76.97;43.93;6.00
0.00;100.00;EdgeMesurements;0;3.39;1;1;54;7;7;1.13;0;0.56;81.62;160.32;5.85;95.61;80.77;72.00
0.00;100.00;EdgeMesurements;0;5.10;4;0;55;3;3;1.70;0;0.85;77.75;241.00;6.15;136.16;76.94;112.00
0.00;100.00;EdgeMesurements;0;7.71;4;4;56;9;9;2.57;2;1.28;60.60;364.66;7.88;155.97;59.97;106.00
0.00;100.00;EdgeMesurements;0;6.70;6;2;57;4;4;2.23;6;1.11;44.97;317.00;10.63;65.51;44.07;0.00
0.00;100.00;EdgeMesurements;0;3.59;3;2;58;8;8;1.20;3;0.59;44.10;169.79;10.84;26.88;42.99;0.00
0.00;100.00;EdgeMesurements;0;2.20;3;0;59;0;0;0.73;2;0.36;39.74;104.17;12.02;19.70;39.02;0.00
0.00;100.00;EdgeMesurements;0;2.10;0;3;6;0;0;0.70;2;0.34;42.77;99.36;11.17;16.13;42.00;0.00
0.00;100.00;EdgeMesurements;0;6.40;3;2;60;10;10;2.13;4;1.06;70.71;302.74;6.76;157.53;69.71;109.00
0.00;100.00;EdgeMesurements;0;5.69;3;4;61;6;6;1.90;5;0.93;44.35;269.21;10.77;48.38;43.50;16.00
0.00;100.00;EdgeMesurements;0;5.14;4;0;62;4;4;1.71;0;0.86;78.93;243.00;6.05;144.98;78.11;115.00
0.00;100.00;EdgeMesurements;0;4.06;5;1;63;3;3;1.35;4;0.67;41.44;191.93;11.53;29.16;40.57;0.00
0.00;100.00;EdgeMesurements;0;0.33;0;1;65;0;0;0.11;0;0.05;38.06;15.75;12.55;1.25;37.66;0.00
0.00;100.00;EdgeMesurements;0;0.91;0;2;69;1;1;0.30;0;0.15;32.81;42.83;14.56;3.86;32.47;0.00
0.00;100.00;EdgeMesurements;0;3.32;0;8;7;10;10;1.11;0;0.55;34.72;156.92;13.76;7.19;34.36;0.00
0.00;100.00;EdgeMesurements;0;3.39;0;11;72;9;9;1.13;1;0.56;35.00;160.30;13.65;6.78;34.64;0.00
0.00;100.00;EdgeMesurements;0;1.52;0;2;73;0;0;0.51;2;0.25;35.85;71.70;13.33;10.51;35.17;0.00
0.00;100.00;EdgeMesurements;0;0.84;0;1;75;2;2;0.28;1;0.14;39.91;39.91;11.97;3.96;39.44;0.00
0.00;100.00;EdgeMesurements;0;2.80;0;3;76;1;1;0.93;2;0.46;44.38;132.57;10.77;29.94;43.65;9.00
0.00;100.00;EdgeMesurements;0;0.44;0;1;80;0;0;0.15;0;0.07;39.19;21.78;12.89;0.00;38.80;0.00
0.00;100.00;EdgeMesurements;0;14.34;0;25;81;29;29;4.78;5;2.37;40.52;697.32;12.13;82.44;40.12;13.00
0.00;100.00;EdgeMesurements;0;0.78;0;1;82;0;0;0.26;1;0.13;38.13;38.13;12.89;0.00;37.75;0.00
0.00;100.00;EdgeMesurements;0;16.20;0;26;83;27;27;5.40;12;2.67;42.26;787.86;11.63;126.13;41.65;17.00
0.00;100.00;EdgeMesurements;0;0.22;0;1;85;0;0;0.07;0;0.04;43.44;10.67;11.31;0.10;43.00;0.00
0.00;100.00;EdgeMesurements;0;15.39;0;28;86;24;24;5.13;11;2.54;38.67;748.34;12.71;55.63;38.26;0.00
0.00;100.00;EdgeMesurements;0;17.72;0;25;90;24;24;5.91;0;2.94;49.32;861.86;9.96;259.28;48.82;129.00
0.00;100.00;EdgeMesurements;0;0.39;0;1;91;0;0;0.13;0;0.06;36.87;18.92;13.33;0.00;36.49;0.00
0.00;100.00;EdgeMesurements;0;25.21;37;0;92;77;77;8.40;25;4.19;40.72;1260.71;12.40;117.79;40.33;0.00
0.00;100.00;EdgeMesurements;0;25.98;40;0;93;88;88;8.66;26;4.31;39.94;1299.00;12.64;118.59;39.56;0.00
0.00;100.00;EdgeMesurements;0;26.51;41;0;94;75;75;8.84;28;4.40;40.33;1325.30;12.52;113.79;39.95;0.00
0.00;100.00;EdgeMesurements;0;25.32;40;0;95;84;84;8.44;25;4.21;40.03;1266.09;12.62;135.21;39.65;0.00
100.00;200.00;EdgeMesurements;0;8.56;0;6;10;5;6;2.85;0;1.42;64.58;404.89;7.40;189.36;63.90;148.00
100.00;200.00;EdgeMesurements;0;6.17;0;8;14;7;7;2.06;2;1.02;55.61;291.72;8.59;121.82;55.12;91.00
100.00;200.00;EdgeMesurements;0;0.17;0;1;15;0;0;0.06;0;0.03;36.49;8.09;13.09;0.31;36.11;0.00
100.00;200.00;EdgeMesurements;0;6.44;5;3;16;9;9;2.15;6;1.07;37.82;304.71;12.64;37.56;37.20;0.00
100.00;200.00;EdgeMesurements;0;4.36;3;0;17;4;4;1.45;3;0.72;69.38;205.90;6.89;106.56;68.22;73.00
100.00;200.00;EdgeMesurements;0;10.16;3;7;18;10;10;3.39;13;1.66;42.76;480.18;11.17;102.33;41.52;41.00
100.00;200.00;EdgeMesurements;1;10.72;5;6;19;13;13;3.57;7;1.75;48.80;506.63;9.79;136.71;47.23;41.00
100.00;200.00;EdgeMesurements;0;8.38;5;4;20;12;12;2.79;10;1.38;37.41;396.04;12.77;30.27;36.91;0.00
100.00;200.00;EdgeMesurements;0;10.94;4;2;21;10;10;3.65;3;1.82;95.73;517.07;4.99;330.29;94.76;250.00
100.00;200.00;EdgeMesurements;2;15.17;4;13;22;15;15;5.06;15;2.49;41.39;717.38;11.54;114.32;40.68;0.00
100.00;200.00;EdgeMesurements;2;16.03;3;12;23;14;14;5.34;13;2.63;50.72;757.73;9.42;231.32;49.51;120.00
100.00;200.00;EdgeMesurements;0;12.07;4;0;24;2;2;4.02;5;2.00;134.75;570.62;3.55;419.67;133.71;319.00
100.00;200.00;EdgeMesurements;0;5.83;5;1;25;6;6;1.94;5;0.95;63.51;275.51;7.52;115.58;60.52;42.00
100.00;200.00;EdgeMesurements;0;5.74;4;4;26;7;7;1.91;4;0.95;38.44;271.18;12.43;35.29;37.79;0.00
100.00;200.00;EdgeMesurements;1;22.46;3;11;27;14;14;7.49;0;3.73;88.22;1061.68;5.42;637.10;87.34;510.00
100.00;200.00;EdgeMesurements;0;0.52;0;1;28;0;0;0.17;0;0.09;33.80;24.63;14.26;0.24;33.45;0.00
100.00;200.00;EdgeMesurements;0;0.67;0;1;29;0;0;0.22;1;0.11;31.89;31.89;14.98;0.62;31.57;0.00
100.00;200.00;EdgeMesurements;0;4.34;0;5;3;4;4;1.45;4;0.71;41.16;205.26;11.61;39.14;40.42;4.00
100.00;200.00;EdgeMesurements;0;4.27;0;4;30;0;0;1.42;6;0.70;49.94;201.80;9.57;68.26;49.08;51.00
100.00;200.00;EdgeMesurements;0;5.32;0;7;31;1;1;1.77;6;0.87;38.40;251.63;12.44;35.33;37.59;0.00
100.00;200.00;EdgeMesurements;0;38.78;0;27;32;23;23;12.93;3;6.44;76.39;1833.65;6.26;1019.57;75.55;713.00
100.00;200.00;EdgeMesurements;0;3.38;0;3;33;7;7;1.13;6;0.55;45.54;159.84;10.49;41.53;43.54;5.00
100.00;200.00;EdgeMesurements;0;23.83;7;15;34;10;10;7.94;11;3.94;63.64;1126.53;7.51;517.02;62.70;299.00
100.00;200.00;EdgeMesurements;0;16.86;5;11;35;12;12;5.62;7;2.79;53.07;797.25;9.00;292.40;52.32;188.00
100.00;200.00;EdgeMesurements;2;8.25;1;8;36;20;20;2.75;3;1.35;45.18;389.98;10.58;89.63;44.04;31.00
100.00;200.00;EdgeMesurements;1;5.80;3;3;37;7;7;1.93;4;0.96;46.63;274.17;10.25;80.22;45.82;41.00
100.00;200.00;EdgeMesurements;1;18.19;6;11;38;5;5;6.06;3;3.01;66.65;860.17;7.17;413.51;65.93;300.00
100.00;200.00;EdgeMesurements;2;12.99;1;16;39;17;17;4.33;10;2.13;41.23;614.24;11.59;84.73;40.60;9.00
100.00;200.00;EdgeMesurements;0;13.08;5;4;40;10;10;4.36;13;2.15;62.43;618.39;7.65;259.43;61.07;154.00
100.00;200.00;EdgeMesurements;0;9.91;3;9;41;4;4;3.30;5;1.63;55.64;468.61;8.59;191.20;54.73;119.00
100.00;200.00;EdgeMesurements;0;17.50;3;6;42;7;7;5.83;1;2.91;94.58;827.17;5.05;526.39;93.60;428.00
100.00;200.00;EdgeMesurements;3;19.06;7;12;43;19;19;6.35;13;3.15;44.83;901.32;10.66;201.06;44.21;75.00
100.00;200.00;EdgeMesurements;0;11.05;3;5;44;6;6;3.68;6;1.83;67.06;522.40;7.12;255.21;66.15;194.00
100.00;200.00;EdgeMesurements;0;4.77;2;4;45;9;9;1.59;5;0.78;39.90;225.50;11.97;24.15;39.18;0.00
100.00;200.00;EdgeMesurements;0;1.59;0;2;46;1;1;0.53;2;0.26;37.64;75.27;12.69;10.73;36.86;0.00
100.00;200.00;EdgeMesurements;2;13.04;0;6;47;16;16;4.35;11;2.15;45.98;616.71;10.39;153.67;44.97;17.00
100.00;200.00;EdgeMesurements;0;2.86;0;4;48;1;1;0.95;2;0.47;40.63;135.14;11.76;22.32;39.80;4.00
100.00;200.00;EdgeMesurements;0;6.28;0;4;49;1;1;2.09;7;1.03;73.30;297.11;6.52;156.17;72.41;136.00
100.00;200.00;EdgeMesurements;0;1.18;0;1;5;0;0;0.39;0;0.20;56.44;55.73;8.47;21.22;55.85;11.00
100.00;200.00;EdgeMesurements;0;3.11;0;5;50;8;8;1.04;6;0.51;38.08;146.95;12.55;9.83;37.14;0.00
100.00;200.00;EdgeMesurements;0;0.33;0;1;51;0;0;0.11;0;0.05;34.54;15.77;13.95;0.39;34.18;0.00
100.00;200.00;EdgeMesurements;0;17.99;3;11;52;14;14;6.00;16;2.96;74.03;850.54;6.45;484.36;72.81;325.00
100.00;200.00;EdgeMesurements;0;17.28;8;2;53;8;8;5.76;4;2.87;86.24;817.16;5.54;478.82;85.35;381.00
100.00;200.00;EdgeMesurements;0;6.95;1;6;54;1;1;2.32;9;1.14;46.84;328.53;10.20;75.45;45.80;50.00
100.00;200.00;EdgeMesurements;0;13.40;4;1;55;2;2;4.47;1;2.23;138.26;633.33;3.46;477.29;136.81;376.00
100.00;200.00;EdgeMesurements;0;25.92;4;8;56;9;9;8.64;13;4.29;99.20;1225.61;4.82;802.92;97.97;564.00
100.00;200.00;EdgeMesurements;1;9.83;6;3;57;5;5;3.28;6;1.63;50.53;464.71;9.46;157.89;49.85;96.00
100.00;200.00;EdgeMesurements;1;16.09;3;8;58;17;17;5.36;5;2.65;75.23;760.96;6.35;412.09;73.65;230.00
100.00;200.00;EdgeMesurements;0;5.41;3;5;59;3;3;1.80;3;0.89;41.29;255.55;11.57;40.19;40.62;5.00
100.00;200.00;EdgeMesurements;0;3.18;0;3;6;2;2;1.06;4;0.52;40.90;150.38;11.68;20.61;39.85;0.00
100.00;200.00;EdgeMesurements;0;4.25;3;1;60;6;6;1.42;3;0.71;52.25;201.04;9.14;65.33;51.80;46.00
100.00;200.00;EdgeMesurements;0;9.02;3;10;61;10;10;3.01;5;1.48;49.99;426.26;9.56;134.32;49.00;62.00
100.00;200.00;EdgeMesurements;0;4.69;4;3;62;5;5;1.56;6;0.77;47.50;221.85;10.06;64.69;46.19;17.00
100.00;200.00;EdgeMesurements;0;6.11;5;1;63;5;5;2.04;6;1.01;40.97;288.72;11.66;43.68;40.25;2.00
100.00;200.00;EdgeMesurements;0;1.86;0;2;64;0;0;0.62;1;0.31;44.30;88.05;10.78;25.12;43.60;11.00
100.00;200.00;EdgeMesurements;0;5.61;0;5;65;10;10;1.87;5;0.92;50.54;265.42;9.45;93.96;49.72;57.00
100.00;200.00;EdgeMesurements;0;0.83;0;1;66;0;0;0.28;1;0.13;39.45;39.45;12.21;4.84;38.20;0.00
100.00;200.00;EdgeMesurements;0;6.43;0;5;69;1;2;2.14;4;1.06;72.83;304.08;6.56;160.19;72.00;131.00
100.00;200.00;EdgeMesurements;0;33.75;0;23;7;25;25;11.25;10;5.59;66.84;1595.54;7.15;768.65;66.07;373.00
100.00;200.00;EdgeMesurements;0;31.11;0;18;72;21;21;10.37;4;5.16;69.45;1470.65;6.88;727.67;68.79;518.00
100.00;200.00;EdgeMesurements;0;3.84;0;5;73;0;0;1.28;4;0.63;42.14;181.36;11.34;19.51;41.27;0.00
100.00;200.00;EdgeMesurements;0;2.21;0;3;74;3;3;0.74;3;0.36;34.85;104.56;13.71;5.99;34.49;0.00
100.00;200.00;EdgeMesurements;0;0.54;0;1;75;0;0;0.18;0;0.09;35.97;25.39;13.28;0.39;35.59;0.00
100.00;200.00;EdgeMesurements;0;4.51;0;5;76;0;0;1.50;6;0.74;42.59;213.47;11.22;30.59;41.62;5.00
100.00;200.00;EdgeMesurements;0;1.97;0;3;77;5;5;0.66;2;0.33;33.30;93.99;14.47;3.83;32.91;0.00
100.00;200.00;EdgeMesurements;0;0.78;0;2;78;1;1;0.26;0;0.13;32.84;37.00;14.67;1.07;32.50;0.00
100.00;200.00;EdgeMesurements;0;0.67;0;1;79;0;0;0.22;0;0.11;36.32;31.92;13.27;2.14;35.94;0.00
100.00;200.00;EdgeMesurements;0;1.14;0;3;8;4;4;0.38;0;0.19;38.47;53.97;12.42;3.80;38.07;0.00
100.00;200.00;EdgeMesurements;2;2.82;0;5;80;1;1;0.94;0;0.47;36.94;140.92;13.67;0.82;36.58;0.00
100.00;200.00;EdgeMesurements;0;14.56;0;9;81;11;11;4.85;20;2.39;82.68;707.97;5.94;396.95;82.25;166.00
100.00;200.00;EdgeMesurements;0;4.73;0;7;82;4;4;1.58;5;0.78;35.59;230.21;13.81;2.17;35.23;0.00
100.00;200.00;EdgeMesurements;0;26.71;0;9;83;12;12;8.90;2;4.43;172.56;1299.31;2.85;1025.01;171.16;886.00
100.00;200.00;EdgeMesurements;2;1.57;0;2;84;1;1;0.52;0;0.26;39.34;78.45;12.84;2.25;38.98;0.00
100.00;200.00;EdgeMesurements;0;2.15;0;5;85;2;2;0.72;2;0.35;35.51;104.81;13.84;2.56;35.13;0.00
100.00;200.00;EdgeMesurements;0;19.95;0;9;86;4;4;6.65;15;3.29;103.22;970.14;4.76;632.14;102.63;386.00
100.00;200.00;EdgeMesurements;3;2.14;0;3;89;0;0;0.71;0;0.35;35.68;107.04;14.15;0.14;35.33;0.00
100.00;200.00;EdgeMesurements;0;9.68;0;9;90;9;9;3.23;25;1.57;56.69;470.83;8.67;172.73;56.01;23.00
100.00;200.00;EdgeMesurements;0;1.76;0;2;91;0;0;0.59;3;0.29;34.39;85.53;14.29;0.43;34.04;0.00
100.00;200.00;EdgeMesurements;0;66.66;38;0;92;62;62;22.22;9;11.10;99.02;3333.09;5.10;2103.12;98.06;1537.00
100.00;200.00;EdgeMesurements;0;70.52;39;0;93;54;54;23.51;9;11.74;100.60;3526.00;5.02;2289.64;99.62;1717.00
100.00;200.00;EdgeMesurements;0;70.00;41;0;94;66;66;23.33;9;11.65;95.34;3500.08;5.30;2135.40;94.41;1573.00
100.00;200.00;EdgeMesurements;0;72.92;40;0;95;69;69;24.31;9;12.14;101.62;3646.04;4.97;2356.49;100.64;1764.00
200.00;300.00;EdgeMesurements;0;0.79;0;1;1;1;1;0.26;1;0.13;37.86;37.86;12.73;2.51;37.07;0.00
200.00;300.00;EdgeMesurements;0;10.46;0;3;10;13;13;3.49;9;1.73;121.32;494.55;3.94;351.15;120.84;277.00
200.00;300.00;EdgeMesurements;0;0.71;0;1;11;0;0;0.24;1;0.12;33.83;33.83;14.24;0.36;33.48;0.00
200.00;300.00;EdgeMesurements;1;17.96;0;2;14;15;15;5.99;2;2.99;175.66;848.99;2.72;689.15;174.13;600.00
200.00;300.00;EdgeMesurements;0;0.99;0;0;15;0;0;0.33;1;0.16;59.94;46.66;7.97;19.26;58.49;9.00
200.00;300.00;EdgeMesurements;0;19.62;4;7;16;6;6;6.54;5;3.26;83.17;927.65;5.74;546.90;82.31;414.00
200.00;300.00;EdgeMesurements;0;6.95;3;2;17;4;4;2.32;0;1.16;83.31;328.73;5.74;197.04;82.43;155.00
200.00;300.00;EdgeMesurements;0;32.14;3;16;18;16;18;10.71;0;5.34;95.81;1519.49;4.99;960.38;94.81;758.00
200.00;300.00;EdgeMesurements;4;11.72;5;8;19;11;11;3.91;9;1.91;51.46;554.15;9.29;185.54;49.75;83.00
200.00;300.00;EdgeMesurements;0;0.78;0;1;2;0;0;0.26;1;0.13;37.10;37.10;12.99;1.59;36.64;0.00
200.00;300.00;EdgeMesurements;0;10.01;5;7;20;6;6;3.34;8;1.65;47.56;473.12;10.05;135.57;46.80;65.00
200.00;300.00;EdgeMesurements;2;20.61;4;3;21;7;7;6.87;8;3.42;138.15;974.54;3.46;717.72;137.22;529.00
200.00;300.00;EdgeMesurements;0;20.73;4;15;22;18;18;6.91;9;3.42;56.58;980.13;8.44;339.52;55.78;167.00
200.00;300.00;EdgeMesurements;1;22.34;3;21;23;22;22;7.45;22;3.66;45.99;1056.05;10.39;275.41;45.07;41.00
200.00;300.00;EdgeMesurements;0;11.56;4;2;24;3;3;3.85;6;1.92;95.49;546.38;5.00;349.50;94.71;254.00
200.00;300.00;EdgeMesurements;2;15.92;5;5;25;8;9;5.31;0;2.65;81.48;752.72;5.86;443.12;80.74;355.00
200.00;300.00;EdgeMesurements;0;10.93;4;1;26;1;1;3.64;6;1.81;84.95;516.71;5.62;314.90;84.12;257.00
200.00;300.00;EdgeMesurements;1;49.23;3;19;27;24;24;16.41;9;8.17;107.51;2327.49;4.44;1547.28;106.47;1140.00
200.00;300.00;EdgeMesurements;0;0.67;0;2;28;1;1;0.22;1;0.11;34.57;32.01;13.94;2.26;34.13;0.00
200.00;300.00;EdgeMesurements;0;0.23;0;1;29;0;0;0.08;0;0.04;33.33;10.72;14.34;0.57;32.98;0.00
200.00;300.00;EdgeMesurements;0;5.13;0;6;3;0;0;1.71;4;0.84;44.77;242.75;10.67;62.17;44.02;27.00
200.00;300.00;EdgeMesurements;0;6.58;0;6;30;0;0;2.19;2;1.09;52.73;311.22;9.06;113.70;52.06;57.00
200.00;300.00;EdgeMesurements;0;1.68;0;3;31;0;0;0.56;1;0.27;40.41;79.63;11.82;8.58;39.74;0.00
200.00;300.00;EdgeMesurements;0;18.11;0;12;32;17;17;6.04;24;2.97;74.66;856.14;6.40;464.95;73.54;257.00
200.00;300.00;EdgeMesurements;0;1.53;0;5;33;1;1;0.51;1;0.25;36.24;72.15;13.19;5.30;35.88;0.00
200.00;300.00;EdgeMesurements;4;24.11;7;20;34;27;27;8.04;23;3.96;42.13;1139.90;11.34;212.30;41.29;41.00
200.00;300.00;EdgeMesurements;0;42.80;5;11;35;13;13;14.27;14;7.10;119.44;2023.76;4.00;1433.52;117.68;979.00
200.00;300.00;EdgeMesurements;1;35.92;1;23;36;28;28;11.97;7;5.95;75.22;1698.14;6.35;917.31;74.40;645.00
200.00;300.00;EdgeMesurements;3;8.33;3;3;37;14;14;2.78;1;1.38;65.65;393.86;7.28;178.21;65.08;131.00
200.00;300.00;EdgeMesurements;6;24.97;6;15;38;12;12;8.32;24;4.10;55.74;1180.38;8.57;443.00;54.68;169.00
200.00;300.00;EdgeMesurements;4;26.44;1;27;39;26;26;8.81;11;4.36;47.95;1250.00;9.96;348.73;47.24;149.00
200.00;300.00;EdgeMesurements;0;0.43;0;1;4;0;0;0.14;0;0.07;35.99;20.34;13.28;0.30;35.61;0.00
200.00;300.00;EdgeMesurements;2;14.63;6;8;40;17;17;4.88;10;2.41;50.26;691.91;9.51;228.73;49.24;79.00
200.00;300.00;EdgeMesurements;0;35.79;3;14;41;19;19;11.93;0;5.95;105.05;1692.33;4.55;1142.07;103.95;931.00
200.00;300.00;EdgeMesurements;2;24.35;3;5;42;12;12;8.12;9;4.02;147.89;1151.28;3.23;893.36;145.49;516.00
200.00;300.00;EdgeMesurements;4;28.77;7;23;43;29;29;9.59;20;4.74;49.57;1360.14;9.64;400.26;48.76;183.00
200.00;300.00;EdgeMesurements;0;8.51;3;5;44;8;9;2.84;8;1.41;54.78;402.27;8.72;135.00;54.07;80.00
200.00;300.00;EdgeMesurements;1;5.94;2;6;45;6;7;1.98;5;0.98;39.03;280.78;12.24;31.55;38.30;0.00
200.00;300.00;EdgeMesurements;0;3.50;0;6;46;5;5;1.17;3;0.57;46.11;165.70;10.36;51.65;44.99;12.00
200.00;300.00;EdgeMesurements;1;27.94;0;26;47;21;21;9.31;16;4.61;57.64;1320.91;8.29;530.25;56.95;272.00
200.00;300.00;EdgeMesurements;0;1.77;0;1;48;2;2;0.59;3;0.29;42.48;83.54;11.25;15.06;41.37;0.00
200.00;300.00;EdgeMesurements;0;4.13;0;4;49;0;0;1.38;0;0.68;51.49;195.39;9.28;63.35;50.95;29.00
200.00;300.00;EdgeMesurements;0;2.77;0;7;5;6;6;0.92;2;0.45;37.31;130.84;12.80;15.90;36.66;5.00
200.00;300.00;EdgeMesurements;1;2.80;0;1;50;4;5;0.93;2;0.46;60.51;132.20;7.90;54.34;59.40;30.00
200.00;300.00;EdgeMesurements;0;1.03;0;1;51;0;0;0.34;1;0.17;34.11;49.21;14.12;2.26;33.70;0.00
200.00;300.00;EdgeMesurements;2;19.82;3;13;52;23;23;6.61;15;3.26;53.58;937.18;8.92;325.81;52.58;164.00
200.00;300.00;EdgeMesurements;0;30.59;8;4;53;6;6;10.20;5;5.09;134.64;1446.47;3.55;1081.82;133.43;891.00
200.00;300.00;EdgeMesurements;0;4.07;1;4;54;9;9;1.36;5;0.67;38.65;192.57;12.36;24.89;37.77;0.00
200.00;300.00;EdgeMesurements;0;21.43;4;0;55;0;0;7.14;1;3.57;315.15;1013.00;1.52;917.32;311.85;817.00
200.00;300.00;EdgeMesurements;1;22.86;4;12;56;28;28;7.62;14;3.76;70.95;1080.80;6.73;570.09;69.14;243.00
200.00;300.00;EdgeMesurements;0;14.16;6;10;57;14;14;4.72;16;2.33;48.23;669.54;9.91;179.58;47.25;64.00
200.00;300.00;EdgeMesurements;0;21.97;3;12;58;45;45;7.32;17;3.60;69.66;1038.78;6.86;506.17;67.95;241.00
200.00;300.00;EdgeMesurements;0;7.09;3;4;59;3;3;2.36;9;1.16;57.15;335.24;8.36;134.50;56.00;67.00
200.00;300.00;EdgeMesurements;0;2.35;0;3;6;0;0;0.78;2;0.39;39.85;111.15;11.99;11.44;39.09;0.00
200.00;300.00;EdgeMesurements;2;11.80;3;10;60;19;19;3.93;4;1.95;48.80;557.88;9.79;164.07;48.24;103.00
200.00;300.00;EdgeMesurements;0;21.07;3;10;61;12;12;7.02;14;3.47;70.72;996.20;6.76;501.59;69.48;312.00
200.00;300.00;EdgeMesurements;0;14.09;4;7;62;12;12;4.70;5;2.34;67.75;666.15;7.05;305.47;66.97;156.00
200.00;300.00;EdgeMesurements;0;11.16;5;0;63;2;2;3.72;5;1.85;108.95;527.53;4.39;359.30;107.82;282.00
200.00;300.00;EdgeMesurements;0;4.47;0;5;64;4;4;1.49;6;0.73;42.17;211.34;11.33;39.70;41.50;25.00
200.00;300.00;EdgeMesurements;0;3.41;0;5;65;7;7;1.14;4;0.56;40.67;161.32;11.75;14.27;39.99;0.00
200.00;300.00;EdgeMesurements;0;0.73;0;1;66;0;0;0.24;1;0.12;34.88;34.88;13.81;4.94;33.80;0.00
200.00;300.00;EdgeMesurements;0;0.74;0;1;68;1;1;0.25;1;0.12;35.30;35.30;13.65;1.44;34.89;0.00
200.00;300.00;EdgeMesurements;0;6.24;0;6;69;1;2;2.08;2;1.03;55.80;294.82;8.56;113.36;55.29;78.00
200.00;300.00;EdgeMesurements;2;13.10;0;13;7;6;6;4.37;22;2.13;87.11;619.18;5.49;381.31;85.13;205.00
200.00;300.00;EdgeMesurements;0;0.65;0;1;71;1;1;0.22;0;0.11;34.65;30.70;13.79;2.88;34.29;0.00
200.00;300.00;EdgeMesurements;1;35.43;0;10;72;12;12;11.81;20;5.87;131.84;1674.99;3.62;1225.17;131.43;906.00
200.00;300.00;EdgeMesurements;0;3.91;0;4;73;2;2;1.30;5;0.64;39.37;184.88;12.14;29.72;38.39;0.00
200.00;300.00;EdgeMesurements;0;3.74;0;6;74;7;7;1.25;0;0.62;50.01;176.90;9.55;47.46;49.49;15.00
200.00;300.00;EdgeMesurements;0;0.84;0;3;75;3;3;0.28;1;0.13;40.01;39.59;11.94;6.59;39.64;0.00
200.00;300.00;EdgeMesurements;0;2.49;0;3;76;0;0;0.83;1;0.41;42.06;117.50;11.36;23.23;41.46;9.00
200.00;300.00;EdgeMesurements;0;0.17;0;1;77;1;1;0.06;1;0.03;38.69;8.16;12.45;1.34;38.26;0.00
200.00;300.00;EdgeMesurements;0;3.61;0;1;78;2;2;1.20;3;0.60;91.95;172.26;5.24;112.68;90.99;90.00
200.00;300.00;EdgeMesurements;0;0.75;0;1;79;0;0;0.25;2;0.12;31.71;35.54;15.20;2.22;31.38;0.00
200.00;300.00;EdgeMesurements;0;9.88;0;6;8;11;11;3.29;0;1.64;82.07;467.34;5.82;272.29;81.21;227.00
200.00;300.00;EdgeMesurements;7;3.35;0;3;80;2;2;1.12;0;0.55;36.28;167.52;13.92;0.86;35.92;0.00
200.00;300.00;EdgeMesurements;0;54.25;0;65;81;31;31;18.08;18;8.94;57.43;2638.89;8.56;1005.86;56.78;348.00
200.00;300.00;EdgeMesurements;0;3.52;0;5;82;4;4;1.17;3;0.58;35.54;171.38;13.83;2.88;35.18;0.00
200.00;300.00;EdgeMesurements;0;53.47;0;66;83;17;17;17.82;26;8.81;54.46;2600.96;9.02;956.47;53.79;237.00
200.00;300.00;EdgeMesurements;7;4.98;0;7;84;4;4;1.66;0;0.82;35.65;248.99;14.17;1.64;35.30;0.00
200.00;300.00;EdgeMesurements;0;6.69;0;7;85;10;10;2.23;7;1.11;36.84;325.42;13.34;5.87;36.48;0.00
200.00;300.00;EdgeMesurements;0;49.71;0;68;86;20;20;16.57;14;8.20;51.18;2417.69;9.60;712.37;50.59;89.00
200.00;300.00;EdgeMesurements;1;2.39;0;4;87;2;2;0.80;0;0.40;36.25;119.67;13.93;2.24;35.90;0.00
200.00;300.00;EdgeMesurements;0;2.92;0;4;88;5;5;0.97;4;0.48;35.53;142.11;13.83;2.56;35.17;0.00
200.00;300.00;EdgeMesurements;0;51.70;0;67;90;21;21;17.23;14;8.53;54.15;2514.83;9.08;894.39;53.54;212.00
200.00;300.00;EdgeMesurements;0;4.68;0;9;91;4;4;1.56;0;0.77;36.62;227.48;13.42;10.07;36.25;0.00
200.00;300.00;EdgeMesurements;0;83.78;35;0;92;39;39;27.93;65;13.89;107.19;4188.77;4.71;2767.72;106.76;1241.00
200.00;300.00;EdgeMesurements;0;89.44;37;0;93;43;43;29.81;66;14.84;110.03;4471.88;4.59;2977.25;109.71;1344.00
200.00;300.00;EdgeMesurements;0;90.49;37;0;94;35;35;30.16;68;15.02;109.30;4524.63;4.62;3014.18;109.03;1387.00
200.00;300.00;EdgeMesurements;0;94.65;37;0;95;46;46;31.55;67;15.71;112.20;4732.55;4.50;3184.05;111.89;1402.00
300.00;400.00;EdgeMesurements;0;0.34;0;1;0;0;0;0.11;0;0.05;39.20;16.13;12.29;1.42;38.79;0.00
300.00;400.00;EdgeMesurements;0;0.65;0;1;1;1;1;0.22;1;0.11;30.76;30.76;15.66;3.21;30.00;0.00
300.00;400.00;EdgeMesurements;1;3.59;0;3;10;2;2;1.20;2;0.59;51.68;169.85;9.25;55.48;51.25;41.00
300.00;400.00;EdgeMesurements;0;4.28;0;9;11;4;4;1.43;3;0.70;34.34;204.12;14.03;9.15;33.99;0.00
300.00;400.00;EdgeMesurements;0;0.88;0;1;13;0;0;0.29;1;0.14;42.01;42.01;11.47;6.27;40.89;0.00
300.00;400.00;EdgeMesurements;6;11.05;0;11;14;13;13;3.68;8;1.81;54.25;522.45;8.81;200.36;53.51;150.00
300.00;400.00;EdgeMesurements;0;0.95;0;1;15;1;1;0.32;0;0.16;45.64;45.04;10.47;8.51;45.17;0.00
300.00;400.00;EdgeMesurements;0;21.06;5;6;16;4;4;7.02;12;3.48;118.23;995.58;4.04;684.51;116.95;413.00
300.00;400.00;EdgeMesurements;0;11.50;3;0;17;3;3;3.83;4;1.91;139.42;543.78;3.43;399.39;138.42;302.00
300.00;400.00;EdgeMesurements;3;59.80;3;19;18;27;28;19.93;16;9.92;121.75;2827.18;3.92;2024.45;120.70;1356.00
300.00;400.00;EdgeMesurements;3;19.72;5;14;19;19;19;6.57;4;3.26;59.07;932.55;8.09;378.20;58.44;247.00
300.00;400.00;EdgeMesurements;0;1.23;0;6;2;0;0;0.41;1;0.20;32.14;58.46;14.99;3.08;31.79;0.00
300.00;400.00;EdgeMesurements;0;17.69;5;15;20;20;20;5.90;14;2.92;50.97;836.33;9.37;280.63;50.32;177.00
300.00;400.00;EdgeMesurements;2;8.23;4;4;21;3;3;2.74;6;1.34;54.79;389.35;8.72;134.80;52.39;50.00
300.00;400.00;EdgeMesurements;2;33.33;4;18;22;33;33;11.11;25;5.51;69.74;1575.89;6.85;767.43;68.89;508.00
300.00;400.00;EdgeMesurements;2;17.54;3;19;23;19;19;5.85;6;2.89;46.24;829.40;10.33;211.04;45.55;79.00
300.00;400.00;EdgeMesurements;0;12.73;4;2;24;2;2;4.24;2;2.12;104.09;601.94;4.59;398.65;102.93;323.00
300.00;400.00;EdgeMesurements;2;31.10;5;8;25;8;8;10.37;6;5.16;117.41;1470.45;4.07;1043.93;115.74;633.00
300.00;400.00;EdgeMesurements;0;19.50;4;12;26;13;13;6.50;8;3.23;63.78;921.99;7.49;412.80;63.01;289.00
300.00;400.00;EdgeMesurements;1;61.22;3;17;27;19;19;20.41;14;10.15;171.91;2894.40;2.78;2296.18;170.38;1640.00
300.00;400.00;EdgeMesurements;0;8.93;0;13;28;22;22;2.98;9;1.47;36.20;425.68;13.31;20.96;35.76;0.00
300.00;400.00;EdgeMesurements;2;3.87;0;6;29;2;3;1.29;2;0.64;32.99;182.99;14.48;3.94;32.66;0.00
300.00;400.00;EdgeMesurements;0;7.59;0;3;3;1;1;2.53;5;1.25;100.32;358.94;4.76;228.44;99.26;185.00
300.00;400.00;EdgeMesurements;0;8.15;0;7;30;5;5;2.72;4;1.34;101.58;385.29;4.70;253.54;100.59;207.00
300.00;400.00;EdgeMesurements;0;4.96;0;4;31;1;1;1.65;7;0.81;42.85;234.65;11.15;38.22;41.86;0.00
300.00;400.00;EdgeMesurements;2;29.35;0;40;32;34;34;9.78;22;4.83;48.51;1387.44;9.85;430.30;47.92;169.00
300.00;400.00;EdgeMesurements;0;7.50;0;7;33;24;24;2.50;9;1.23;42.90;354.80;11.14;65.83;42.01;24.00
300.00;400.00;EdgeMesurements;3;27.61;7;15;34;17;17;9.20;20;4.55;57.03;1305.62;8.38;498.48;55.81;248.00
300.00;400.00;EdgeMesurements;0;24.96;5;7;35;7;7;8.32;20;4.11;94.77;1180.20;5.04;746.85;91.01;450.00
300.00;400.00;EdgeMesurements;5;53.76;1;19;36;17;17;17.92;8;8.90;136.31;2541.62;3.51;1893.09;134.32;1392.00
300.00;400.00;EdgeMesurements;1;8.23;3;4;37;3;3;2.74;6;1.35;70.81;389.33;6.75;204.88;69.57;147.00
300.00;400.00;EdgeMesurements;3;29.19;6;11;38;22;22;9.73;12;4.82;68.95;1380.21;6.93;691.33;67.39;336.00
300.00;400.00;EdgeMesurements;0;79.21;1;31;39;28;28;26.40;2;13.17;129.80;3745.26;3.68;2787.10;128.45;2331.00
300.00;400.00;EdgeMesurements;1;11.24;0;16;4;22;22;3.75;5;1.84;53.42;531.58;8.94;199.98;52.63;117.00
300.00;400.00;EdgeMesurements;0;19.70;6;7;40;6;6;6.57;12;3.24;83.11;931.23;5.75;543.00;80.95;354.00
300.00;400.00;EdgeMesurements;8;53.55;3;11;41;13;13;17.85;31;8.87;133.33;2531.98;3.58;1878.95;133.21;1151.00
300.00;400.00;EdgeMesurements;2;11.09;3;5;42;6;6;3.70;9;1.82;58.40;524.52;8.18;229.80;57.03;112.00
300.00;400.00;EdgeMesurements;4;33.13;7;27;43;27;27;11.04;29;5.45;56.50;1566.28;8.46;631.74;55.73;260.00
300.00;400.00;EdgeMesurements;0;11.13;3;11;44;7;7;3.71;13;1.83;37.63;526.30;12.70;33.28;37.15;5.00
300.00;400.00;EdgeMesurements;1;14.16;2;18;45;21;21;4.72;15;2.33;39.02;669.55;12.25;80.50;38.32;4.00
300.00;400.00;EdgeMesurements;0;15.20;0;17;46;30;30;5.07;19;2.49;37.29;718.88;12.81;55.35;36.75;0.00
300.00;400.00;EdgeMesurements;11;51.08;0;47;47;45;45;17.03;25;8.44;56.20;2415.18;8.50;964.46;55.53;347.00
300.00;400.00;EdgeMesurements;0;3.61;0;4;48;2;2;1.20;5;0.59;41.93;170.83;11.40;40.81;40.75;7.00
300.00;400.00;EdgeMesurements;0;4.61;0;1;49;0;0;1.54;5;0.76;180.77;217.81;2.64;175.16;182.64;151.00
300.00;400.00;EdgeMesurements;0;33.87;0;20;5;35;35;11.29;16;5.59;74.20;1601.24;6.44;882.06;73.17;523.00
300.00;400.00;EdgeMesurements;0;6.85;0;8;50;13;13;2.28;6;1.13;47.29;324.04;10.10;79.44;46.55;29.00
300.00;400.00;EdgeMesurements;0;4.16;0;5;51;12;12;1.39;6;0.69;38.92;198.53;12.38;9.99;38.40;0.00
300.00;400.00;EdgeMesurements;0;21.53;3;16;52;22;22;7.18;16;3.55;56.20;1017.83;8.50;388.15;55.37;232.00
300.00;400.00;EdgeMesurements;0;41.59;8;5;53;9;9;13.86;5;6.92;176.11;1966.55;2.71;1578.83;174.49;1190.00
300.00;400.00;EdgeMesurements;1;6.64;1;8;54;8;8;2.21;1;1.10;41.42;314.07;11.54;43.41;40.95;16.00
300.00;400.00;EdgeMesurements;0;21.44;4;1;55;1;1;7.15;9;3.56;171.71;1013.78;2.78;813.93;170.85;519.00
300.00;400.00;EdgeMesurements;1;14.60;4;9;56;7;7;4.87;15;2.39;49.68;690.10;9.62;208.44;48.50;44.00
300.00;400.00;EdgeMesurements;3;19.56;6;15;57;29;29;6.52;16;3.22;44.07;924.61;10.84;188.97;43.24;14.00
300.00;400.00;EdgeMesurements;3;14.74;3;6;58;25;25;4.91;3;2.44;69.11;696.98;6.91;335.53;68.46;238.00
300.00;400.00;EdgeMesurements;0;24.11;3;23;59;15;17;8.04;11;3.99;58.67;1140.07;8.14;477.03;57.32;284.00
300.00;400.00;EdgeMesurements;0;1.57;0;2;6;1;1;0.52;1;0.26;37.98;74.09;12.58;7.67;37.30;0.00
300.00;400.00;EdgeMesurements;0;12.20;3;3;60;6;6;4.07;14;2.00;69.51;576.72;6.87;288.98;67.24;157.00
300.00;400.00;EdgeMesurements;4;17.87;3;11;61;31;31;5.96;9;2.95;52.50;844.84;9.10;284.37;51.75;143.00
300.00;400.00;EdgeMesurements;0;19.70;4;1;62;3;3;6.57;10;3.26;112.61;931.53;4.24;628.85;111.51;247.00
300.00;400.00;EdgeMesurements;0;9.54;5;4;63;8;8;3.18;6;1.57;66.01;450.92;7.24;209.06;64.72;132.00
300.00;400.00;EdgeMesurements;0;7.21;0;9;64;6;6;2.40;0;1.19;60.37;341.12;7.91;138.81;59.75;91.00
300.00;400.00;EdgeMesurements;3;5.34;0;7;65;14;14;1.78;1;0.88;40.52;252.37;11.79;39.34;40.05;15.00
300.00;400.00;EdgeMesurements;0;0.23;0;1;66;0;0;0.08;0;0.04;32.65;11.10;14.76;0.39;32.31;0.00
300.00;400.00;EdgeMesurements;0;2.33;0;6;68;7;7;0.78;1;0.38;37.04;110.99;13.01;5.16;36.59;0.00
300.00;400.00;EdgeMesurements;2;17.54;0;7;69;12;12;5.85;2;2.91;129.27;829.33;3.70;602.73;128.18;508.00
300.00;400.00;EdgeMesurements;1;30.34;0;26;7;38;38;10.11;25;5.00;44.56;1434.56;10.72;316.40;43.74;28.00
300.00;400.00;EdgeMesurements;0;2.09;0;4;71;9;9;0.70;3;0.34;40.24;98.69;11.87;20.99;39.47;8.00
300.00;400.00;EdgeMesurements;3;11.62;0;21;72;14;14;3.87;12;1.90;49.65;549.40;9.62;162.90;48.80;89.00
300.00;400.00;EdgeMesurements;0;1.09;0;2;73;0;0;0.36;1;0.18;40.95;51.54;11.67;4.32;40.21;0.00
300.00;400.00;EdgeMesurements;0;23.36;0;31;74;78;78;7.79;17;3.83;42.61;1104.41;11.21;211.05;41.94;56.00
300.00;400.00;EdgeMesurements;1;20.11;0;15;75;25;25;6.70;0;3.33;64.63;950.69;7.39;450.40;63.96;316.00
300.00;400.00;EdgeMesurements;0;0.34;0;0;76;0;0;0.11;2;0.05;78.81;16.26;6.06;9.33;76.55;5.00
300.00;400.00;EdgeMesurements;0;5.77;0;8;77;15;15;1.92;5;0.95;37.14;275.20;12.97;11.30;36.70;0.00
300.00;400.00;EdgeMesurements;0;2.44;0;5;78;3;3;0.81;2;0.40;44.85;116.39;10.74;22.45;44.09;10.00
300.00;400.00;EdgeMesurements;0;8.35;0;3;8;1;1;2.78;10;1.38;96.97;394.79;4.93;261.79;96.26;164.00
300.00;400.00;EdgeMesurements;8;5.85;0;8;80;12;12;1.95;0;0.97;36.64;292.68;13.78;6.18;36.28;0.00
300.00;400.00;EdgeMesurements;0;81.60;0;6;81;11;11;27.20;28;13.55;162.48;3968.92;3.02;3086.15;161.81;1392.00
300.00;400.00;EdgeMesurements;0;4.38;0;10;82;5;5;1.46;8;0.72;35.29;212.81;13.93;5.01;34.93;0.00
300.00;400.00;EdgeMesurements;0;51.33;0;6;83;12;12;17.11;61;8.47;91.35;2496.80;5.38;1514.74;90.94;269.00
300.00;400.00;EdgeMesurements;6;6.73;0;9;84;8;8;2.24;0;1.11;39.10;336.41;12.92;3.44;38.71;0.00
300.00;400.00;EdgeMesurements;0;7.47;0;12;85;3;3;2.49;9;1.23;37.47;363.28;13.11;5.77;37.08;0.00
300.00;400.00;EdgeMesurements;0;99.90;0;6;86;17;17;33.30;51;16.57;177.04;4859.32;2.78;3871.05;177.15;2183.00
300.00;400.00;EdgeMesurements;3;0.52;0;0;87;0;0;0.17;0;0.08;37.22;25.81;13.57;0.03;36.90;0.00
300.00;400.00;EdgeMesurements;0;1.77;0;8;88;1;1;0.59;0;0.29;35.96;86.31;13.66;5.32;35.60;0.00
300.00;400.00;EdgeMesurements;16;12.71;0;17;89;8;8;4.24;0;2.10;37.70;635.67;13.39;14.14;37.34;0.00
300.00;400.00;EdgeMesurements;0;91.17;0;6;90;16;16;30.39;46;15.13;167.79;4434.70;2.93;3497.11;167.90;1468.00
300.00;400.00;EdgeMesurements;0;12.31;0;15;91;10;10;4.10;17;2.03;37.59;598.70;13.07;28.47;37.21;0.00
300.00;400.00;EdgeMesurements;0;63.26;39;0;92;51;51;21.09;6;10.53;97.58;3162.80;5.18;1964.78;96.61;1488.00
300.00;400.00;EdgeMesurements;0;72.91;39;0;93;54;54;24.30;6;12.14;108.29;3645.49;4.66;2388.06;107.23;1858.00
300.00;400.00;EdgeMesurements;0;70.81;39;0;94;69;69;23.60;6;11.79;101.96;3540.56;4.95;2245.97;100.95;1732.00
300.00;400.00;EdgeMesurements;0;76.07;40;0;95;62;62;25.36;6;12.67;112.34;3803.52;4.50;2524.52;111.24;1982.00
400.00;500.00;EdgeMesurements;0;1.09;0;2;0;0;0;0.36;1;0.18;38.64;52.08;12.47;4.50;38.25;0.00
400.00;500.00;EdgeMesurements;0;5.65;0;7;1;7;7;1.88;6;0.92;38.70;269.50;12.45;37.15;37.56;0.00
400.00;500.00;EdgeMesurements;9;7.48;0;10;10;6;6;2.49;1;1.23;35.48;353.70;13.47;21.16;35.03;5.00
400.00;500.00;EdgeMesurements;0;7.66;0;7;11;16;16;2.55;12;1.25;38.44;365.35;12.53;29.35;37.55;0.00
400.00;500.00;EdgeMesurements;0;0.16;0;1;12;0;0;0.05;0;0.02;50.92;7.61;9.46;1.54;50.39;0.00
400.00;500.00;EdgeMesurements;0;1.74;0;2;13;1;1;0.58;2;0.28;41.52;83.03;11.61;11.77;40.29;0.00
400.00;500.00;EdgeMesurements;1;8.02;0;9;14;9;9;2.67;4;1.32;50.91;379.05;9.39;127.72;50.08;82.00
400.00;500.00;EdgeMesurements;0;2.40;0;2;15;1;1;0.80;0;0.40;326.81;113.38;1.46;100.98;323.39;99.00
400.00;500.00;EdgeMesurements;0;22.58;5;6;16;4;4;7.53;4;3.75;122.62;1067.51;3.90;755.16;121.54;668.00
400.00;500.00;EdgeMesurements;0;9.14;3;0;17;3;3;3.05;6;1.51;142.27;432.00;3.36;321.94;141.71;283.00
400.00;500.00;EdgeMesurements;6;47.76;3;10;18;9;9;15.92;18;7.91;183.04;2258.28;2.61;1825.21;182.86;1435.00
400.00;500.00;EdgeMesurements;3;50.64;4;27;19;20;20;16.88;9;8.39;81.64;2394.23;5.85;1391.02;80.80;1050.00
400.00;500.00;EdgeMesurements;0;5.21;0;3;2;1;1;1.74;7;0.86;35.98;248.60;13.39;17.13;35.51;0.00
400.00;500.00;EdgeMesurements;0;22.19;5;7;20;14;14;7.40;17;3.66;65.65;1049.11;7.28;491.44;64.03;204.00
400.00;500.00;EdgeMesurements;6;12.88;4;5;21;6;6;4.29;0;2.14;67.91;608.94;7.04;294.53;67.39;236.00
400.00;500.00;EdgeMesurements;1;26.54;4;16;22;11;11;8.85;18;4.38;63.27;1254.79;7.55;563.26;62.38;348.00
400.00;500.00;EdgeMesurements;1;37.81;3;21;23;29;29;12.60;20;6.24;71.31;1787.55;6.70;916.33;70.41;513.00
400.00;500.00;EdgeMesurements;0;19.28;4;0;24;2;2;6.43;2;3.21;243.76;911.67;1.96;765.54;241.64;638.00
400.00;500.00;EdgeMesurements;2;32.91;5;9;25;4;4;10.97;14;5.45;106.84;1555.93;4.47;1041.39;105.11;500.00
400.00;500.00;EdgeMesurements;0;24.64;4;8;26;3;3;8.21;9;4.09;105.52;1165.12;4.53;781.16;104.58;638.00
400.00;500.00;EdgeMesurements;0;88.73;3;13;27;18;18;29.58;3;14.77;302.03;4194.99;1.58;3710.12;298.87;3039.00
400.00;500.00;EdgeMesurements;0;3.78;0;3;28;8;8;1.26;7;0.62;39.36;180.46;12.24;12.40;38.82;0.00
400.00;500.00;EdgeMesurements;1;7.80;0;5;29;4;5;2.60;4;1.29;74.30;368.71;6.43;198.58;73.31;152.00
400.00;500.00;EdgeMesurements;0;6.38;0;5;3;0;0;2.13;6;1.05;60.14;301.47;7.94;124.91;59.12;52.00
400.00;500.00;EdgeMesurements;0;11.98;0;8;30;7;7;3.99;13;1.97;52.30;566.51;9.14;186.92;51.33;80.00
400.00;500.00;EdgeMesurements;0;0.81;0;1;31;0;0;0.27;1;0.13;38.38;38.38;12.45;6.42;37.49;0.00
400.00;500.00;EdgeMesurements;1;44.67;0;25;32;32;32;14.89;25;7.39;67.74;2111.90;7.05;1038.53;66.40;369.00
400.00;500.00;EdgeMesurements;0;10.46;0;13;33;14;14;3.49;12;1.71;37.60;494.38;12.71;42.47;36.76;0.00
400.00;500.00;EdgeMesurements;4;35.73;7;20;34;19;19;11.91;20;5.88;70.21;1689.29;6.80;854.39;68.71;497.00
400.00;500.00;EdgeMesurements;0;32.81;5;26;35;22;23;10.94;14;5.41;53.14;1551.08;8.99;553.77;51.99;199.00
400.00;500.00;EdgeMesurements;5;77.28;1;29;36;15;15;25.76;31;12.80;122.79;3653.76;3.89;2640.73;121.81;1643.00
400.00;500.00;EdgeMesurements;4;8.14;3;8;37;10;11;2.71;4;1.33;41.56;385.08;11.50;52.48;40.23;3.00
400.00;500.00;EdgeMesurements;5;23.91;6;13;38;15;15;7.97;14;3.94;63.25;1130.50;7.55;502.81;62.31;306.00
400.00;500.00;EdgeMesurements;15;78.12;1;24;39;24;24;26.04;36;12.93;159.34;3693.39;3.00;2902.23;159.25;1364.00
400.00;500.00;EdgeMesurements;3;17.07;0;13;4;29;29;5.69;19;2.81;44.20;807.16;10.81;190.02;43.60;72.00
400.00;500.00;EdgeMesurements;0;16.42;6;15;40;6;6;5.47;10;2.70;45.16;776.11;10.58;189.19;44.06;37.00
400.00;500.00;EdgeMesurements;1;19.60;3;19;41;17;17;6.53;13;3.22;49.46;926.67;9.66;291.28;48.61;131.00
400.00;500.00;EdgeMesurements;1;5.89;3;2;42;3;3;1.96;7;0.97;61.08;278.47;7.82;127.19;60.06;86.00
400.00;500.00;EdgeMesurements;3;76.07;6;25;43;33;33;25.36;15;12.64;103.63;3596.78;4.61;2426.90;102.71;1746.00
400.00;500.00;EdgeMesurements;0;13.41;3;5;44;12;13;4.47;11;2.21;70.24;633.81;6.80;317.11;68.92;165.00
400.00;500.00;EdgeMesurements;2;19.09;2;13;45;25;25;6.36;17;3.13;49.21;902.39;9.71;244.54;47.64;79.00
400.00;500.00;EdgeMesurements;0;5.04;0;8;46;6;6;1.68;6;0.82;41.06;238.10;11.64;36.86;40.23;12.00
400.00;500.00;EdgeMesurements;9;19.35;0;14;47;17;17;6.45;23;3.17;42.93;915.08;11.13;165.57;41.85;10.00
400.00;500.00;EdgeMesurements;0;3.10;0;4;48;3;3;1.03;3;0.51;38.61;146.59;12.37;16.23;37.75;0.00
400.00;500.00;EdgeMesurements;0;2.45;0;3;49;0;0;0.82;3;0.40;38.58;115.73;12.39;12.85;37.81;0.00
400.00;500.00;EdgeMesurements;0;6.58;0;8;5;15;15;2.19;13;1.05;43.58;310.91;10.96;68.24;41.39;0.00
400.00;500.00;EdgeMesurements;2;9.80;0;12;50;25;25;3.27;10;1.61;39.33;463.24;12.15;60.65;38.71;9.00
400.00;500.00;EdgeMesurements;0;3.08;0;4;51;7;7;1.03;4;0.51;36.77;147.08;13.10;8.67;36.30;0.00
400.00;500.00;EdgeMesurements;1;35.32;3;15;52;15;15;11.77;12;5.85;104.01;1669.91;4.59;1120.55;103.06;817.00
400.00;500.00;EdgeMesurements;0;53.04;7;6;53;5;5;17.68;7;8.82;284.38;2507.88;1.68;2193.46;282.86;1581.00
400.00;500.00;EdgeMesurements;0;19.56;1;14;54;7;7;6.52;11;3.22;93.34;924.89;5.12;583.80;92.03;406.00
400.00;500.00;EdgeMesurements;0;10.76;4;0;55;0;0;3.59;9;1.78;144.12;508.67;3.32;390.45;143.63;194.00
400.00;500.00;EdgeMesurements;0;16.62;4;13;56;14;14;5.54;11;2.74;48.54;785.67;9.84;236.01;47.79;104.00
400.00;500.00;EdgeMesurements;1;38.62;6;18;57;39;39;12.87;13;6.39;76.71;1826.18;6.23;980.27;75.48;549.00
400.00;500.00;EdgeMesurements;0;29.36;3;12;58;15;15;9.79;6;4.86;114.15;1387.99;4.19;956.23;112.90;676.00
400.00;500.00;EdgeMesurements;0;21.59;3;15;59;12;12;7.20;23;3.52;58.22;1020.61;8.21;407.64;55.63;73.00
400.00;500.00;EdgeMesurements;0;1.40;0;2;6;0;0;0.47;3;0.23;42.59;66.23;11.22;13.22;41.26;0.00
400.00;500.00;EdgeMesurements;1;13.25;3;17;60;15;17;4.42;5;2.19;61.44;626.27;7.78;280.71;60.69;203.00
400.00;500.00;EdgeMesurements;0;37.91;3;20;61;41;41;12.64;9;6.27;97.35;1792.22;4.91;1155.28;96.04;735.00
400.00;500.00;EdgeMesurements;0;8.41;4;2;62;2;2;2.80;8;1.38;73.76;397.47;6.48;206.82;72.35;125.00
400.00;500.00;EdgeMesurements;0;10.12;5;0;63;1;1;3.37;9;1.67;68.01;478.32;7.03;228.09;66.82;145.00
400.00;500.00;EdgeMesurements;0;15.68;0;9;64;9;9;5.23;6;2.58;97.52;741.16;4.90;468.64;94.41;343.00
400.00;500.00;EdgeMesurements;3;10.14;0;9;65;17;17;3.38;2;1.67;54.44;479.20;8.78;175.27;53.83;95.00
400.00;500.00;EdgeMesurements;0;1.20;0;1;66;0;0;0.40;1;0.20;35.85;57.04;13.44;5.90;34.98;0.00
400.00;500.00;EdgeMesurements;0;6.80;0;4;68;6;6;2.27;5;1.12;55.13;324.03;8.74;114.90;54.25;86.00
400.00;500.00;EdgeMesurements;5;12.38;0;13;69;18;18;4.13;9;2.03;47.68;585.20;10.02;165.00;46.90;82.00
400.00;500.00;EdgeMesurements;5;47.98;0;38;7;51;51;15.99;1;7.96;75.03;2268.30;6.37;1207.10;74.32;656.00
400.00;500.00;EdgeMesurements;0;8.79;0;8;71;4;4;2.93;0;1.45;72.01;415.47;6.64;232.47;71.25;181.00
400.00;500.00;EdgeMesurements;1;39.40;0;25;72;22;22;13.13;28;6.49;60.65;1862.87;7.88;781.70;59.50;134.00
400.00;500.00;EdgeMesurements;0;7.41;0;7;73;10;10;2.47;7;1.21;47.35;350.28;10.09;84.48;46.19;15.00
400.00;500.00;EdgeMesurements;0;22.16;0;14;74;29;29;7.39;28;3.61;59.84;1047.61;7.99;446.69;58.23;147.00
400.00;500.00;EdgeMesurements;0;52.42;0;21;75;28;28;17.47;20;8.69;126.97;2478.48;3.76;1815.56;125.96;1289.00
400.00;500.00;EdgeMesurements;0;5.24;0;6;76;1;1;1.75;6;0.86;41.27;247.59;11.58;29.77;40.44;0.00
400.00;500.00;EdgeMesurements;0;8.41;0;11;77;19;19;2.80;12;1.38;38.04;400.79;12.67;33.51;37.53;0.00
400.00;500.00;EdgeMesurements;0;15.59;0;12;78;18;18;5.20;8;2.57;59.17;743.32;8.14;304.80;58.22;208.00
400.00;500.00;EdgeMesurements;0;0.72;0;1;79;0;0;0.24;1;0.12;34.35;34.35;14.02;2.85;34.01;0.00
400.00;500.00;EdgeMesurements;0;9.47;0;6;8;12;13;3.16;1;1.57;67.94;447.65;7.03;216.62;67.12;150.00
400.00;500.00;EdgeMesurements;7;7.96;0;20;80;11;11;2.65;0;1.31;35.97;397.96;14.04;9.08;35.62;0.00
400.00;500.00;EdgeMesurements;0;71.42;0;66;81;11;11;23.81;38;11.79;73.05;3473.68;6.73;1769.23;72.38;942.00
400.00;500.00;EdgeMesurements;0;14.74;0;15;82;15;15;4.91;20;2.43;37.27;716.72;13.18;30.86;36.90;0.00
400.00;500.00;EdgeMesurements;0;50.01;0;69;83;10;10;16.67;7;8.25;56.06;2432.51;8.77;861.33;55.45;208.00
400.00;500.00;EdgeMesurements;10;6.38;0;12;84;9;9;2.13;0;1.05;38.51;319.18;13.11;6.56;38.14;0.00
400.00;500.00;EdgeMesurements;0;8.23;0;10;85;5;5;2.74;12;1.36;38.67;400.39;12.71;12.08;38.29;0.00
400.00;500.00;EdgeMesurements;0;47.76;0;69;86;19;19;15.92;27;7.85;48.61;2322.85;10.11;587.64;47.99;4.00
400.00;500.00;EdgeMesurements;11;12.37;0;22;87;7;7;4.12;0;2.04;35.98;618.62;14.03;10.42;35.63;0.00
400.00;500.00;EdgeMesurements;0;15.21;0;15;88;24;24;5.07;22;2.51;36.08;739.58;13.62;25.54;35.72;0.00
400.00;500.00;EdgeMesurements;9;6.93;0;12;89;3;3;2.31;0;1.14;36.03;346.30;14.02;5.04;35.67;0.00
400.00;500.00;EdgeMesurements;0;0.98;0;1;9;0;0;0.33;1;0.16;46.66;46.66;10.32;5.36;45.21;0.00
400.00;500.00;EdgeMesurements;0;71.16;0;67;90;14;14;23.72;27;11.75;80.24;3461.28;6.12;1871.62;79.42;672.00
400.00;500.00;EdgeMesurements;0;5.79;0;6;91;5;5;1.93;12;0.95;36.52;281.65;13.46;7.31;36.16;0.00
400.00;500.00;EdgeMesurements;0;93.17;39;0;92;63;63;31.06;66;15.46;107.51;4658.31;4.70;3048.10;107.15;1352.00
400.00;500.00;EdgeMesurements;0;99.31;38;0;93;35;35;33.10;69;16.48;114.60;4965.52;4.41;3377.46;114.27;1529.00
400.00;500.00;EdgeMesurements;0;96.24;39;0;94;37;37;32.08;69;15.97;114.01;4811.83;4.43;3281.90;113.75;1498.00
400.00;500.00;EdgeMesurements;0;100.34;36;0;95;36;36;33.45;67;16.65;123.05;5016.91;4.10;3489.02;122.73;1604.00
500.00;600.00;EdgeMesurements;0;1.94;0;2;0;3;3;0.65;2;0.32;43.26;92.42;11.14;17.90;42.46;5.00
500.00;600.00;EdgeMesurements;0;2.86;0;5;1;6;6;0.95;3;0.47;47.04;136.60;10.24;37.69;45.97;17.00
500.00;600.00;EdgeMesurements;2;0.78;0;2;10;0;0;0.26;0;0.13;36.29;36.67;13.17;0.66;35.99;0.00
500.00;600.00;EdgeMesurements;0;4.02;0;7;11;3;3;1.34;5;0.66;36.27;191.90;13.28;16.68;35.68;0.00
500.00;600.00;EdgeMesurements;0;1.67;0;1;12;0;0;0.56;1;0.27;46.74;79.63;10.31;14.62;45.80;2.00
500.00;600.00;EdgeMesurements;0;1.67;0;2;13;2;2;0.56;2;0.27;39.86;79.73;12.09;10.89;38.94;0.00
500.00;600.00;EdgeMesurements;12;7.80;0;7;14;9;10;2.60;1;1.29;35.75;368.63;13.37;18.03;35.39;0.00
500.00;600.00;EdgeMesurements;0;2.76;0;2;15;3;3;0.92;4;0.45;43.73;130.29;10.93;26.42;43.14;22.00
500.00;600.00;EdgeMesurements;0;32.32;5;0;16;3;3;10.77;6;5.38;178.82;1528.21;2.67;1230.10;177.48;1031.00
500.00;600.00;EdgeMesurements;0;3.13;3;0;17;3;3;1.04;3;0.52;49.90;148.09;9.58;45.07;48.82;21.00
500.00;600.00;EdgeMesurements;1;17.85;3;2;18;2;2;5.95;14;2.94;101.42;844.11;4.71;544.98;100.24;355.00
500.00;600.00;EdgeMesurements;1;47.07;6;8;19;10;10;15.69;37;7.78;112.95;2225.44;4.23;1536.77;111.60;617.00
500.00;600.00;EdgeMesurements;0;3.96;0;5;2;6;6;1.32;5;0.65;39.01;188.82;12.35;8.57;38.50;0.00
500.00;600.00;EdgeMesurements;0;38.48;5;11;20;20;20;12.83;0;6.40;114.07;1819.55;4.19;1264.00;112.88;1068.00
500.00;600.00;EdgeMesurements;5;8.85;4;6;21;2;2;2.95;8;1.44;43.92;418.52;10.88;95.04;42.36;26.00
500.00;600.00;EdgeMesurements;4;30.32;4;20;22;35;35;10.11;12;5.02;73.29;1433.74;6.52;770.26;72.48;516.00
500.00;600.00;EdgeMesurements;2;53.88;3;28;23;26;26;17.96;17;8.92;85.67;2547.40;5.58;1529.72;84.69;946.00
500.00;600.00;EdgeMesurements;0;25.47;4;0;24;0;0;8.49;1;4.24;312.48;1204.00;1.53;1077.20;309.21;925.00
500.00;600.00;EdgeMesurements;0;28.01;5;3;25;1;1;9.34;7;4.65;158.96;1324.49;3.01;1032.26;157.38;675.00
500.00;600.00;EdgeMesurements;0;29.29;4;10;26;12;12;9.76;11;4.85;102.10;1384.62;4.68;918.18;101.05;649.00
500.00;600.00;EdgeMesurements;2;65.66;3;2;27;2;2;21.89;20;10.90;298.82;3104.23;1.60;2732.40;300.40;1916.00
500.00;600.00;EdgeMesurements;0;7.50;0;11;28;12;12;2.50;8;1.24;36.29;357.41;13.28;19.47;35.86;0.00
500.00;600.00;EdgeMesurements;5;7.75;0;8;29;10;10;2.58;2;1.27;41.94;366.26;11.39;56.70;41.46;12.00
500.00;600.00;EdgeMesurements;0;8.09;0;7;3;4;4;2.70;1;1.34;56.01;382.53;8.53;144.45;55.45;69.00
500.00;600.00;EdgeMesurements;0;15.11;0;7;30;11;11;5.04;0;2.51;99.60;714.24;4.80;466.55;98.55;367.00
500.00;600.00;EdgeMesurements;0;5.13;0;6;31;1;1;1.71;5;0.84;42.70;242.56;11.19;46.28;41.28;2.00
500.00;600.00;EdgeMesurements;0;94.82;0;24;32;21;21;31.61;1;15.78;183.87;4482.89;2.60;3620.73;181.95;3165.00
500.00;600.00;EdgeMesurements;0;12.34;0;11;33;24;25;4.11;13;2.02;46.54;583.45;10.27;117.53;45.53;53.00
500.00;600.00;EdgeMesurements;0;55.65;7;11;34;9;10;18.55;1;9.27;127.40;2631.03;3.75;1930.33;126.09;1643.00
500.00;600.00;EdgeMesurements;0;50.02;5;20;35;25;25;16.67;17;8.28;97.79;2364.90;4.89;1540.36;96.13;1063.00
500.00;600.00;EdgeMesurements;9;56.81;1;16;36;21;21;18.94;12;9.42;170.49;2685.77;2.80;2134.29;168.80;1493.00
500.00;600.00;EdgeMesurements;14;17.15;3;11;37;8;8;5.72;3;2.83;47.57;810.87;10.04;219.89;46.63;87.00
500.00;600.00;EdgeMesurements;9;28.09;6;14;38;16;16;9.36;11;4.60;70.34;1327.90;6.79;664.72;68.34;272.00
500.00;600.00;EdgeMesurements;0;71.51;1;32;39;20;20;23.84;0;11.89;134.20;3380.96;3.56;2520.59;132.80;2151.00
500.00;600.00;EdgeMesurements;0;16.63;0;12;4;18;19;5.54;0;2.76;69.40;786.46;6.88;397.49;68.67;306.00
500.00;600.00;EdgeMesurements;2;26.48;5;14;40;19;19;8.83;23;4.36;60.20;1251.86;7.94;513.53;59.02;230.00
500.00;600.00;EdgeMesurements;10;24.73;3;16;41;15;15;8.24;14;4.08;56.83;1169.04;8.41;498.10;56.20;304.00
500.00;600.00;EdgeMesurements;3;14.83;3;13;42;8;8;4.94;1;2.46;72.87;701.28;6.56;366.17;72.22;302.00
500.00;600.00;EdgeMesurements;7;75.02;7;19;43;31;31;25.01;32;12.44;135.05;3546.84;3.54;2625.23;134.74;1647.00
500.00;600.00;EdgeMesurements;0;12.89;3;15;44;22;22;4.30;17;2.12;36.57;609.33;13.07;30.79;36.10;0.00
500.00;600.00;EdgeMesurements;8;28.25;2;20;45;17;17;9.42;15;4.64;59.58;1335.72;8.02;564.47;58.41;196.00
500.00;600.00;EdgeMesurements;0;13.72;0;15;46;51;51;4.57;15;2.25;38.79;648.59;12.32;63.78;38.15;1.00
500.00;600.00;EdgeMesurements;1;30.21;0;47;47;19;19;10.07;6;4.99;47.50;1428.30;10.06;370.91;46.91;119.00
500.00;600.00;EdgeMesurements;0;1.16;0;1;48;0;0;0.39;2;0.19;45.56;54.85;10.49;10.10;44.35;0.00
500.00;600.00;EdgeMesurements;0;5.68;0;7;49;3;3;1.89;6;0.93;41.55;268.58;11.50;36.94;40.76;0.00
500.00;600.00;EdgeMesurements;0;18.66;0;20;5;44;44;6.22;16;3.07;40.39;882.45;11.83;124.21;39.81;18.00
500.00;600.00;EdgeMesurements;2;17.37;0;22;50;58;58;5.79;14;2.84;44.24;821.47;10.80;169.27;43.43;50.00
500.00;600.00;EdgeMesurements;0;3.75;0;5;51;14;14;1.25;3;0.62;38.19;178.73;12.62;6.78;37.71;0.00
500.00;600.00;EdgeMesurements;2;38.62;3;23;52;28;28;12.87;21;6.37;66.93;1825.74;7.14;874.37;65.55;218.00
500.00;600.00;EdgeMesurements;0;52.59;8;2;53;8;8;17.53;21;8.72;172.07;2486.49;2.78;1963.20;171.17;1030.00
500.00;600.00;EdgeMesurements;4;18.80;1;20;54;19;19;6.27;11;3.08;41.96;888.78;11.39;145.37;41.21;38.00
500.00;600.00;EdgeMesurements;0;9.07;4;0;55;2;2;3.02;0;1.51;103.36;429.00;4.62;280.85;102.28;238.00
500.00;600.00;EdgeMesurements;2;15.14;4;12;56;14;14;5.05;13;2.48;48.10;715.62;9.93;180.04;46.75;72.00
500.00;600.00;EdgeMesurements;2;26.06;6;12;57;20;20;8.69;24;4.27;68.59;1232.17;6.97;592.81;66.71;176.00
500.00;600.00;EdgeMesurements;7;38.48;3;10;58;26;26;12.83;9;6.38;118.05;1819.19;4.05;1292.05;117.29;929.00
500.00;600.00;EdgeMesurements;0;40.98;3;21;59;28;28;13.66;17;6.77;79.57;1937.37;6.00;1098.66;78.04;601.00
500.00;600.00;EdgeMesurements;0;1.25;0;1;6;0;0;0.42;2;0.21;34.57;58.94;13.82;0.02;34.21;0.00
500.00;600.00;EdgeMesurements;0;66.20;3;25;60;20;20;22.07;20;10.98;97.77;3129.92;4.89;2041.46;96.47;1273.00
500.00;600.00;EdgeMesurements;10;40.00;3;21;61;26;26;13.33;16;6.60;91.09;1891.13;5.25;1162.37;90.02;604.00
500.00;600.00;EdgeMesurements;0;18.19;4;5;62;4;4;6.06;0;3.03;100.75;860.05;4.74;572.88;99.70;457.00
500.00;600.00;EdgeMesurements;0;7.91;5;5;63;7;7;2.64;5;1.31;45.32;373.78;10.54;92.77;44.59;42.00
500.00;600.00;EdgeMesurements;0;31.56;0;5;64;11;11;10.52;2;5.26;166.91;1492.14;2.86;1187.11;165.16;968.00
500.00;600.00;EdgeMesurements;7;26.09;0;6;65;10;10;8.70;7;4.33;161.98;1233.60;2.95;969.54;161.72;826.00
500.00;600.00;EdgeMesurements;0;0.13;0;0;66;0;0;0.04;1;0.02;90.03;6.19;5.35;4.01;86.98;0.00
500.00;600.00;EdgeMesurements;0;1.25;0;2;68;0;0;0.42;4;0.20;40.88;59.40;11.79;8.39;39.23;0.00
500.00;600.00;EdgeMesurements;7;11.70;0;3;69;8;8;3.90;5;1.94;85.57;553.08;5.58;329.59;84.86;236.00
500.00;600.00;EdgeMesurements;9;69.74;0;9;7;11;11;23.25;33;11.56;195.90;3297.31;2.44;2703.05;196.45;1564.00
500.00;600.00;EdgeMesurements;0;7.48;0;2;71;3;3;2.49;12;1.22;60.01;353.58;7.96;152.59;58.66;94.00
500.00;600.00;EdgeMesurements;5;35.61;0;24;72;31;31;11.87;12;5.88;91.04;1683.83;5.25;1038.53;89.53;636.00
500.00;600.00;EdgeMesurements;0;2.10;0;6;73;4;4;0.70;1;0.34;39.46;99.36;12.11;13.23;38.70;0.00
500.00;600.00;EdgeMesurements;0;26.91;0;37;74;60;60;8.97;20;4.41;41.59;1272.30;11.49;219.28;40.95;34.00
500.00;600.00;EdgeMesurements;3;16.10;0;15;75;28;28;5.37;19;2.65;43.27;761.20;11.04;177.44;42.59;22.00
500.00;600.00;EdgeMesurements;0;4.07;0;5;76;1;1;1.36;4;0.67;38.60;192.27;12.38;32.45;37.85;0.00
500.00;600.00;EdgeMesurements;0;5.46;0;6;77;14;14;1.82;6;0.90;39.46;260.32;12.21;10.91;38.97;0.00
500.00;600.00;EdgeMesurements;0;5.07;0;6;78;8;8;1.69;10;0.83;38.59;241.56;12.48;12.72;38.17;0.00
500.00;600.00;EdgeMesurements;0;1.16;0;1;79;0;0;0.39;1;0.19;55.79;55.26;8.64;23.75;54.97;12.00
500.00;600.00;EdgeMesurements;0;6.44;0;4;8;4;5;2.15;9;1.05;89.86;304.52;5.32;183.47;87.67;146.00
500.00;600.00;EdgeMesurements;14;7.68;0;1;80;5;5;2.56;0;1.27;38.85;383.98;13.00;9.51;38.48;0.00
500.00;600.00;EdgeMesurements;0;105.04;0;7;81;9;9;35.01;20;17.46;240.13;5109.01;2.05;4327.15;239.14;3003.00
500.00;600.00;EdgeMesurements;0;0.32;0;0;82;0;0;0.11;1;0.05;34.86;15.64;14.09;0.07;34.51;0.00
500.00;600.00;EdgeMesurements;0;95.65;0;7;83;18;18;31.88;61;15.86;146.49;4652.66;3.35;3493.74;146.66;1737.00
500.00;600.00;EdgeMesurements;12;9.67;0;12;84;7;7;3.22;0;1.60;37.56;483.70;13.45;9.25;37.19;0.00
500.00;600.00;EdgeMesurements;0;10.98;0;15;85;10;10;3.66;12;1.81;35.92;534.27;13.68;12.08;35.55;0.00
500.00;600.00;EdgeMesurements;0;101.70;0;8;86;18;18;33.90;47;16.87;171.45;4946.69;2.87;3909.74;170.97;2019.00
500.00;600.00;EdgeMesurements;12;4.30;0;1;87;5;5;1.43;0;0.71;37.32;215.14;13.53;3.96;36.98;0.00
500.00;600.00;EdgeMesurements;0;4.64;0;9;88;8;8;1.55;1;0.77;38.98;225.89;12.61;10.99;38.58;0.00
500.00;600.00;EdgeMesurements;14;9.90;0;11;89;10;10;3.30;0;1.64;36.96;494.83;13.66;6.54;36.61;0.00
500.00;600.00;EdgeMesurements;0;1.07;0;2;9;0;0;0.36;1;0.17;39.55;50.82;12.18;4.61;38.43;0.00
500.00;600.00;EdgeMesurements;0;92.06;0;6;90;17;17;30.69;20;15.31;166.70;4477.93;2.95;3492.34;165.75;2171.00
500.00;600.00;EdgeMesurements;0;7.65;0;10;91;11;11;2.55;11;1.26;36.68;372.21;13.40;16.71;36.31;0.00
500.00;600.00;EdgeMesurements;0;75.03;41;0;92;50;50;25.01;7;12.50;109.79;3751.56;4.60;2475.22;108.73;1905.00
500.00;600.00;EdgeMesurements;0;72.59;35;0;93;62;62;24.20;7;12.09;114.69;3629.43;4.40;2473.55;113.59;1962.00
500.00;600.00;EdgeMesurements;0;74.46;40;0;94;52;52;24.82;8;12.40;105.98;3723.16;4.77;2444.25;104.96;1880.00
500.00;600.00;EdgeMesurements;0;79.35;38;0;95;40;40;26.45;6;13.22;122.97;3967.49;4.11;2801.31;121.79;2212.00
600.00;700.00;EdgeMesurements;0;1.43;0;2;0;1;1;0.48;2;0.23;37.00;68.28;13.02;4.54;36.64;0.00
600.00;700.00;EdgeMesurements;0;6.77;0;5;1;10;10;2.26;6;1.12;45.45;322.96;10.60;64.34;44.78;21.00
600.00;700.00;EdgeMesurements;6;6.49;0;8;10;7;7;2.16;0;1.07;37.73;306.97;12.66;13.98;37.35;0.00
600.00;700.00;EdgeMesurements;0;7.77;0;9;11;14;14;2.59;9;1.27;41.56;370.25;11.59;48.38;40.76;4.00
600.00;700.00;EdgeMesurements;0;1.04;0;1;12;0;0;0.35;2;0.17;43.43;49.80;11.09;9.14;42.29;0.00
600.00;700.00;EdgeMesurements;0;1.71;0;2;13;2;2;0.57;2;0.28;40.88;81.76;11.79;10.40;39.82;0.00
600.00;700.00;EdgeMesurements;5;6.01;0;7;14;3;3;2.00;2;0.99;43.45;284.10;11.00;47.83;42.83;24.00
600.00;700.00;EdgeMesurements;0;1.63;0;1;15;1;1;0.54;1;0.27;80.08;77.29;5.97;45.45;78.80;34.00
600.00;700.00;EdgeMesurements;0;39.35;5;5;16;4;4;13.12;5;6.55;233.44;1860.34;2.05;1579.41;231.76;1298.00
600.00;700.00;EdgeMesurements;0;3.59;3;0;17;3;3;1.20;3;0.59;57.20;169.77;8.35;65.32;56.17;39.00
600.00;700.00;EdgeMesurements;2;15.34;3;17;18;13;13;5.11;13;2.51;46.83;725.16;10.20;205.38;45.48;79.00
600.00;700.00;EdgeMesurements;2;51.92;4;29;19;30;31;17.31;23;8.59;79.47;2454.58;6.01;1410.38;78.49;692.00
600.00;700.00;EdgeMesurements;0;3.40;0;4;2;4;4;1.13;5;0.56;36.62;162.25;13.16;9.25;36.13;0.00
600.00;700.00;EdgeMesurements;0;64.36;5;11;20;12;12;21.45;20;10.69;211.09;3042.83;2.26;2545.28;210.56;2025.00
600.00;700.00;EdgeMesurements;2;13.82;4;7;21;4;4;4.61;4;2.28;67.69;653.53;7.06;299.52;66.49;181.00
600.00;700.00;EdgeMesurements;1;28.21;4;5;22;16;16;9.40;22;4.66;101.67;1333.63;4.70;858.16;100.93;468.00
600.00;700.00;EdgeMesurements;0;87.98;3;19;23;27;27;29.33;1;14.64;241.99;4159.68;1.97;3563.46;239.46;3135.00
600.00;700.00;EdgeMesurements;0;32.11;4;0;24;0;0;10.70;0;5.35;490.93;1518.00;0.97;1418.32;485.79;1326.00
600.00;700.00;EdgeMesurements;2;38.09;5;10;25;7;7;12.70;22;6.31;113.80;1800.70;4.20;1245.77;113.09;826.00
600.00;700.00;EdgeMesurements;0;35.89;4;12;26;9;9;11.96;17;5.94;99.90;1697.09;4.78;1107.63;98.92;769.00
600.00;700.00;EdgeMesurements;4;50.72;3;9;27;15;15;16.91;21;8.40;197.54;2397.89;2.42;1955.59;196.88;1390.00
600.00;700.00;EdgeMesurements;0;5.00;0;5;28;11;11;1.67;8;0.82;39.21;238.53;12.29;15.56;38.69;0.00
600.00;700.00;EdgeMesurements;6;9.45;0;8;29;11;11;3.15;4;1.55;60.90;446.58;7.85;191.62;60.15;156.00
600.00;700.00;EdgeMesurements;0;5.42;0;6;3;0;0;1.81;10;0.88;46.04;256.18;10.38;59.61;44.93;36.00
600.00;700.00;EdgeMesurements;0;10.31;0;13;30;4;4;3.44;18;1.68;46.46;487.32;10.28;132.27;45.45;57.00
600.00;700.00;EdgeMesurements;0;1.17;0;1;31;0;0;0.39;1;0.19;42.47;55.41;11.25;11.89;41.71;0.00
600.00;700.00;EdgeMesurements;1;154.96;0;43;32;15;15;51.65;2;25.79;263.54;7326.73;1.81;6320.39;260.85;5041.00
600.00;700.00;EdgeMesurements;0;14.04;0;11;33;11;12;4.68;1;2.33;67.18;663.70;7.11;344.02;66.42;236.00
600.00;700.00;EdgeMesurements;11;58.16;7;12;34;10;10;19.39;26;9.61;141.72;2750.01;3.37;2072.94;140.52;1137.00
600.00;700.00;EdgeMesurements;0;93.12;5;19;35;16;16;31.04;20;15.48;211.29;4402.86;2.26;3707.03;210.04;2643.00
600.00;700.00;EdgeMesurements;8;28.57;1;13;36;17;18;9.52;18;4.70;81.89;1351.02;5.83;805.74;79.63;168.00
600.00;700.00;EdgeMesurements;8;17.13;3;22;37;17;18;5.71;7;2.80;41.46;809.75;11.53;146.82;40.45;20.00
600.00;700.00;EdgeMesurements;1;59.48;6;35;38;53;53;19.83;10;9.86;72.20;2812.20;6.62;1464.95;71.41;905.00
600.00;700.00;EdgeMesurements;3;105.96;1;17;39;10;10;35.32;19;17.62;201.64;5009.92;2.37;4141.85;200.57;2396.00
600.00;700.00;EdgeMesurements;1;14.18;0;8;4;8;8;4.73;19;2.34;79.40;670.41;6.02;392.74;78.97;282.00
600.00;700.00;EdgeMesurements;0;13.38;6;4;40;6;6;4.46;17;2.20;47.30;632.45;10.10;146.63;46.40;34.00
600.00;700.00;EdgeMesurements;2;10.93;3;4;41;5;5;3.64;5;1.81;60.59;516.99;7.89;213.12;59.93;150.00
600.00;700.00;EdgeMesurements;10;20.13;3;9;42;6;6;6.71;5;3.33;60.36;951.66;7.92;414.00;59.44;277.00
600.00;700.00;EdgeMesurements;12;40.53;7;35;43;28;28;13.51;29;6.68;45.17;1916.11;10.58;404.92;44.48;26.00
600.00;700.00;EdgeMesurements;0;35.40;3;18;44;27;27;11.80;0;5.88;83.27;1673.61;5.74;947.68;82.40;713.00
600.00;700.00;EdgeMesurements;2;12.66;2;14;45;10;10;4.22;11;2.08;47.32;598.55;10.10;139.92;46.51;36.00
600.00;700.00;EdgeMesurements;0;7.50;0;6;46;5;6;2.50;7;1.23;55.94;354.51;8.54;135.96;55.02;89.00
600.00;700.00;EdgeMesurements;9;77.65;0;26;47;30;30;25.88;30;12.86;105.15;3671.42;4.54;2457.89;104.05;944.00
600.00;700.00;EdgeMesurements;0;6.24;0;8;48;5;5;2.08;6;1.03;40.43;294.98;11.82;29.37;39.77;0.00
600.00;700.00;EdgeMesurements;0;5.13;0;5;49;2;2;1.71;2;0.85;47.50;242.60;10.06;64.07;46.83;28.00
600.00;700.00;EdgeMesurements;0;2.85;0;3;5;7;7;0.95;11;0.45;45.63;134.83;10.47;33.49;42.30;1.00
600.00;700.00;EdgeMesurements;0;35.19;0;20;50;36;36;11.73;0;5.83;94.11;1663.92;5.08;1044.99;93.12;841.00
600.00;700.00;EdgeMesurements;0;2.52;0;3;51;4;4;0.84;4;0.41;37.23;120.04;12.94;7.51;36.74;0.00
600.00;700.00;EdgeMesurements;1;29.60;3;12;52;13;13;9.87;23;4.88;83.79;1399.37;5.70;845.28;82.59;338.00
600.00;700.00;EdgeMesurements;0;30.36;8;2;53;3;3;10.12;26;5.00;110.54;1435.38;4.32;963.53;109.21;182.00
600.00;700.00;EdgeMesurements;4;16.71;1;8;54;27;27;5.57;22;2.74;51.74;789.94;9.23;240.35;50.63;62.00
600.00;700.00;EdgeMesurements;0;16.68;4;1;55;0;0;5.56;6;2.77;152.45;788.62;3.13;612.18;151.25;448.00
600.00;700.00;EdgeMesurements;0;33.57;4;19;56;28;28;11.19;8;5.56;74.36;1587.10;6.43;828.29;73.58;610.00
600.00;700.00;EdgeMesurements;2;22.29;6;9;57;9;9;7.43;12;3.68;63.38;1054.08;7.54;486.84;62.52;215.00
600.00;700.00;EdgeMesurements;5;17.09;3;13;58;40;40;5.70;17;2.79;51.92;808.05;9.20;249.45;50.48;45.00
600.00;700.00;EdgeMesurements;0;27.18;3;10;59;25;25;9.06;31;4.48;60.38;1285.28;7.91;551.31;59.50;213.00
600.00;700.00;EdgeMesurements;0;6.18;0;9;6;6;6;2.06;3;1.02;47.89;292.28;9.98;81.77;47.14;21.00
600.00;700.00;EdgeMesurements;2;59.34;3;15;60;18;18;19.78;11;9.86;158.53;2805.59;3.01;2213.49;157.12;1571.00
600.00;700.00;EdgeMesurements;7;54.77;3;18;61;22;22;18.26;15;9.07;105.63;2589.32;4.52;1725.28;104.66;1112.00
600.00;700.00;EdgeMesurements;0;25.84;4;4;62;3;3;8.61;12;4.27;143.49;1221.63;3.33;908.03;141.60;450.00
600.00;700.00;EdgeMesurements;0;7.44;5;2;63;1;1;2.48;10;1.22;42.14;351.55;11.34;57.29;40.92;0.00
600.00;700.00;EdgeMesurements;0;27.04;0;8;64;2;2;9.01;17;4.47;243.16;1278.48;1.96;1098.23;245.24;991.00
600.00;700.00;EdgeMesurements;2;11.22;0;13;65;21;21;3.74;1;1.85;47.24;530.59;10.11;131.59;46.77;63.00
600.00;700.00;EdgeMesurements;0;3.44;0;4;66;1;1;1.15;4;0.56;41.01;164.04;11.75;22.52;39.83;0.00
600.00;700.00;EdgeMesurements;0;0.88;0;1;67;0;0;0.29;1;0.14;41.84;41.84;11.52;6.19;40.92;0.00
600.00;700.00;EdgeMesurements;0;4.64;0;5;68;12;12;1.55;5;0.77;38.02;221.39;12.67;9.91;37.57;0.00
600.00;700.00;EdgeMesurements;5;5.46;0;9;69;9;10;1.82;2;0.90;36.37;258.11;13.14;9.04;36.00;0.00
600.00;700.00;EdgeMesurements;5;26.33;0;9;7;8;10;8.78;0;4.38;128.83;1244.87;3.71;918.92;127.92;760.00
600.00;700.00;EdgeMesurements;0;1.12;0;2;70;0;0;0.37;1;0.18;39.09;53.21;12.33;6.09;38.14;0.00
600.00;700.00;EdgeMesurements;0;2.28;0;4;71;2;2;0.76;1;0.38;43.21;107.78;11.06;22.48;42.76;9.00
600.00;700.00;EdgeMesurements;1;50.51;0;25;72;18;18;16.84;7;8.38;109.43;2387.99;4.37;1642.84;107.74;741.00
600.00;700.00;EdgeMesurements;0;12.79;0;6;73;5;5;4.26;4;2.12;63.29;604.53;7.55;281.41;62.50;174.00
600.00;700.00;EdgeMesurements;0;50.17;0;6;74;13;13;16.72;14;8.32;150.70;2372.00;3.17;1830.61;149.38;1281.00
600.00;700.00;EdgeMesurements;4;27.43;0;12;75;17;17;9.14;10;4.53;120.71;1296.85;3.96;914.71;118.84;704.00
600.00;700.00;EdgeMesurements;0;7.14;0;5;76;2;2;2.38;1;1.18;69.42;337.55;6.88;171.26;68.68;107.00
600.00;700.00;EdgeMesurements;0;4.62;0;7;77;7;7;1.54;3;0.76;35.72;220.12;13.49;12.54;35.30;0.00
600.00;700.00;EdgeMesurements;0;8.05;0;3;78;8;8;2.68;6;1.33;83.80;384.05;5.75;218.41;82.67;162.00
600.00;700.00;EdgeMesurements;0;1.59;0;4;79;0;0;0.53;0;0.26;38.90;75.67;12.38;7.52;38.50;0.00
600.00;700.00;EdgeMesurements;0;3.65;0;3;8;6;6;1.22;3;0.60;45.30;172.39;10.55;48.24;44.20;13.00
600.00;700.00;EdgeMesurements;2;2.06;0;3;80;1;1;0.69;0;0.34;36.07;103.23;14.00;1.84;35.74;0.00
600.00;700.00;EdgeMesurements;0;115.78;0;48;81;12;12;38.59;5;19.24;224.43;5631.49;2.19;4722.93;222.31;3684.00
600.00;700.00;EdgeMesurements;0;3.69;0;15;82;1;3;1.23;3;0.60;37.64;179.30;13.05;10.83;37.27;0.00
600.00;700.00;EdgeMesurements;0;47.63;0;49;83;10;10;15.88;3;7.88;84.13;2316.51;5.84;1337.24;83.26;939.00
600.00;700.00;EdgeMesurements;13;8.53;0;8;84;10;10;2.84;0;1.41;38.17;426.54;13.23;11.82;37.80;0.00
600.00;700.00;EdgeMesurements;0;2.31;0;0;85;2;2;0.77;8;0.38;37.03;112.51;13.27;2.05;36.68;0.00
600.00;700.00;EdgeMesurements;0;57.14;0;49;86;7;7;19.05;24;9.44;93.68;2779.27;5.25;1728.72;92.96;1053.00
600.00;700.00;EdgeMesurements;12;14.27;0;23;87;10;10;4.76;0;2.36;37.11;713.48;13.61;16.84;36.74;0.00
600.00;700.00;EdgeMesurements;0;17.22;0;22;88;17;17;5.74;23;2.84;37.34;837.57;13.16;50.34;36.96;0.00
600.00;700.00;EdgeMesurements;1;0.55;0;2;89;0;0;0.18;0;0.09;37.03;27.72;13.64;0.34;36.57;0.00
600.00;700.00;EdgeMesurements;0;1.37;0;1;9;0;0;0.46;1;0.23;38.83;65.45;12.41;7.33;37.92;0.00
600.00;700.00;EdgeMesurements;0;55.51;0;49;90;16;16;18.50;50;9.14;83.04;2699.81;5.92;1528.93;82.44;630.00
600.00;700.00;EdgeMesurements;0;2.69;0;13;91;0;1;0.90;2;0.44;36.11;131.04;13.61;6.26;35.75;0.00
600.00;700.00;EdgeMesurements;0;126.83;40;0;92;52;52;42.28;49;21.09;164.17;6341.55;3.08;4870.67;163.74;2818.00
600.00;700.00;EdgeMesurements;0;113.90;40;0;93;37;37;37.97;49;18.93;154.52;5694.87;3.27;4330.01;154.18;2554.00
600.00;700.00;EdgeMesurements;0;122.35;40;0;94;35;35;40.78;50;20.34;158.43;6117.35;3.19;4681.23;158.06;2760.00
600.00;700.00;EdgeMesurements;0;124.09;38;0;95;34;34;41.36;49;20.63;168.28;6204.62;3.00;4844.70;167.91;2835.00
700.00;800.00;EdgeMesurements;0;2.21;0;2;0;1;1;0.74;3;0.36;38.98;105.33;12.36;12.82;38.37;0.00
700.00;800.00;EdgeMesurements;0;1.09;0;3;1;1;1;0.36;2;0.17;44.96;51.97;10.72;14.59;42.44;10.00
700.00;800.00;EdgeMesurements;3;3.52;0;2;10;4;4;1.17;2;0.58;56.93;166.65;8.39;64.37;56.05;40.00
700.00;800.00;EdgeMesurements;0;4.80;0;3;11;11;11;1.60;5;0.79;45.13;228.97;10.68;44.80;44.31;8.00
700.00;800.00;EdgeMesurements;0;2.90;0;5;12;3;3;0.97;3;0.47;37.40;138.05;12.88;12.67;36.92;0.00
700.00;800.00;EdgeMesurements;0;2.40;0;7;13;0;0;0.80;2;0.39;38.96;114.23;12.37;12.66;38.09;0.00
700.00;800.00;EdgeMesurements;5;2.56;0;4;14;2;2;0.85;0;0.42;35.83;120.93;13.33;4.93;35.46;0.00
700.00;800.00;EdgeMesurements;0;0.57;0;0;15;0;0;0.19;1;0.09;38.07;26.99;12.55;2.27;37.59;0.00
700.00;800.00;EdgeMesurements;0;38.58;5;0;16;1;1;12.86;6;6.42;321.25;1824.21;1.49;1626.21;319.96;1214.00
700.00;800.00;EdgeMesurements;0;4.98;3;0;17;0;0;1.66;1;0.83;80.50;235.63;5.94;137.84;79.65;106.00
700.00;800.00;EdgeMesurements;4;14.30;3;9;18;11;11;4.77;12;2.34;42.94;676.11;11.13;126.55;41.95;9.00
700.00;800.00;EdgeMesurements;6;35.50;5;17;19;16;16;11.83;15;5.87;90.70;1678.63;5.27;1015.47;89.92;596.00
700.00;800.00;EdgeMesurements;0;3.52;0;6;2;3;3;1.17;3;0.58;35.28;168.05;13.66;7.64;34.87;0.00
700.00;800.00;EdgeMesurements;0;69.67;5;23;20;22;22;23.22;0;11.59;154.84;3294.17;3.09;2554.63;153.22;2143.00
700.00;800.00;EdgeMesurements;6;10.37;3;4;21;6;6;3.46;7;1.70;48.42;490.19;9.87;137.02;47.15;36.00
700.00;800.00;EdgeMesurements;3;12.52;4;11;22;24;25;4.17;5;2.06;43.58;592.17;10.96;115.75;42.90;16.00
700.00;800.00;EdgeMesurements;2;78.85;3;20;23;20;20;26.28;42;13.03;183.74;3728.20;2.60;3025.95;182.13;708.00
700.00;800.00;EdgeMesurements;0;37.60;4;0;24;1;1;12.53;2;6.26;519.58;1777.53;0.92;1655.15;515.46;1404.00
700.00;800.00;EdgeMesurements;1;30.49;5;12;25;11;11;10.16;2;5.06;103.37;1441.59;4.62;949.41;101.89;707.00
700.00;800.00;EdgeMesurements;0;35.91;4;4;26;11;11;11.97;9;5.97;247.84;1697.65;1.93;1459.29;247.24;1222.00
700.00;800.00;EdgeMesurements;2;29.48;3;2;27;1;1;9.83;9;4.88;207.20;1393.81;2.31;1145.28;204.27;612.00
700.00;800.00;EdgeMesurements;0;7.03;0;11;28;14;14;2.34;4;1.16;36.22;335.03;13.30;19.55;35.80;0.00
700.00;800.00;EdgeMesurements;5;3.89;0;6;29;2;2;1.30;0;0.64;34.67;183.75;13.78;3.87;34.32;0.00
700.00;800.00;EdgeMesurements;0;4.35;0;5;3;4;4;1.45;6;0.71;40.07;205.52;11.92;18.38;39.37;0.00
700.00;800.00;EdgeMesurements;0;9.45;0;11;30;3;3;3.15;11;1.55;39.09;446.74;12.22;62.15;38.39;0.00
700.00;800.00;EdgeMesurements;0;11.96;0;14;31;6;6;3.99;8;1.97;51.14;565.53;9.34;187.82;50.33;103.00
700.00;800.00;EdgeMesurements;8;157.33;0;21;32;9;9;52.44;65;26.12;300.96;7438.66;1.59;6561.35;303.86;4482.00
700.00;800.00;EdgeMesurements;0;25.84;0;23;33;28;28;8.61;32;4.23;50.74;1221.56;9.42;396.90;49.82;253.00
700.00;800.00;EdgeMesurements;4;43.46;5;25;34;34;35;14.49;10;7.19;88.13;2055.02;5.42;1240.41;87.09;812.00
700.00;800.00;EdgeMesurements;0;62.47;5;21;35;20;20;20.82;47;10.28;96.69;2953.42;4.94;1878.84;94.98;569.00
700.00;800.00;EdgeMesurements;2;67.29;1;57;36;41;41;22.43;0;11.17;73.44;3181.57;6.51;1653.87;72.68;1136.00
700.00;800.00;EdgeMesurements;9;11.65;3;3;37;9;9;3.88;6;1.92;52.21;550.97;9.15;182.40;51.24;112.00
700.00;800.00;EdgeMesurements;0;103.73;6;25;38;18;18;34.58;33;17.22;163.70;4904.40;2.92;3847.74;162.70;2341.00
700.00;800.00;EdgeMesurements;7;94.76;1;14;39;12;12;31.59;26;15.72;238.67;4480.11;2.00;3821.72;237.18;2631.00
700.00;800.00;EdgeMesurements;0;12.27;0;13;4;35;35;4.09;9;2.02;51.14;580.00;9.34;158.51;50.38;86.00
700.00;800.00;EdgeMesurements;2;31.14;6;16;40;24;24;10.38;11;5.15;77.06;1472.24;6.20;799.40;75.98;510.00
700.00;800.00;EdgeMesurements;3;27.91;3;28;41;23;23;9.30;26;4.56;44.36;1319.67;10.77;303.03;43.01;79.00
700.00;800.00;EdgeMesurements;4;12.35;3;5;42;8;8;4.12;12;2.02;59.29;583.83;8.06;233.60;57.81;126.00
700.00;800.00;EdgeMesurements;0;70.02;7;24;43;41;41;23.34;0;11.64;123.38;3310.36;3.87;2383.10;122.09;1981.00
700.00;800.00;EdgeMesurements;0;67.45;3;23;44;21;21;22.48;12;11.20;166.02;3188.86;2.88;2542.25;164.78;1821.00
700.00;800.00;EdgeMesurements;0;14.05;2;10;45;14;14;4.68;17;2.31;43.25;664.16;11.05;97.77;42.44;0.00
700.00;800.00;EdgeMesurements;0;13.22;0;15;46;63;63;4.41;16;2.17;41.07;625.03;11.63;101.64;40.37;19.00
700.00;800.00;EdgeMesurements;27;57.20;0;33;47;35;36;19.07;16;9.46;84.35;2704.48;5.66;1611.05;83.54;849.00
700.00;800.00;EdgeMesurements;0;3.65;0;5;48;2;2;1.22;2;0.60;37.98;172.42;12.58;14.73;37.46;0.00
700.00;800.00;EdgeMesurements;0;6.96;0;6;49;1;1;2.32;7;1.14;59.71;329.17;8.00;143.31;58.57;86.00
700.00;800.00;EdgeMesurements;0;13.89;0;15;5;38;38;4.63;15;2.27;41.18;656.63;11.60;90.29;40.30;8.00
700.00;800.00;EdgeMesurements;7;34.96;0;15;50;28;28;11.65;27;5.77;94.73;1652.70;5.04;1059.77;93.98;663.00
700.00;800.00;EdgeMesurements;0;10.69;0;16;51;15;15;3.56;12;1.76;36.51;509.78;13.20;36.27;36.07;0.00
700.00;800.00;EdgeMesurements;0;29.79;3;16;52;29;29;9.93;0;4.94;100.51;1408.50;4.75;930.56;99.44;740.00
700.00;800.00;EdgeMesurements;0;16.12;8;3;53;2;2;5.37;6;2.68;75.40;762.34;6.34;420.08;74.57;322.00
700.00;800.00;EdgeMesurements;0;28.52;1;35;54;31;31;9.51;16;4.70;43.19;1348.48;11.06;249.93;42.57;40.00
700.00;800.00;EdgeMesurements;0;15.25;4;0;55;1;1;5.08;0;2.54;228.03;721.00;2.10;616.80;225.64;548.00
700.00;800.00;EdgeMesurements;1;31.61;4;17;56;23;23;10.54;41;5.15;62.57;1494.44;7.64;653.65;60.32;177.00
700.00;800.00;EdgeMesurements;1;22.83;6;5;57;9;9;7.61;16;3.75;99.59;1079.54;4.80;683.96;97.06;435.00
700.00;800.00;EdgeMesurements;5;25.72;3;9;58;13;13;8.57;7;4.26;119.82;1216.01;3.99;851.34;118.91;696.00
700.00;800.00;EdgeMesurements;0;28.23;3;34;59;21;21;9.41;23;4.64;49.20;1334.84;9.71;408.85;48.45;156.00
700.00;800.00;EdgeMesurements;0;4.64;0;3;6;2;2;1.55;6;0.76;39.73;219.35;12.03;18.74;38.70;0.00
700.00;800.00;EdgeMesurements;0;47.40;3;9;60;5;5;15.80;25;7.84;141.02;2240.95;3.39;1662.61;139.61;299.00
700.00;800.00;EdgeMesurements;10;46.77;3;24;61;39;39;15.59;10;7.75;86.66;2211.35;5.51;1313.01;85.89;923.00
700.00;800.00;EdgeMesurements;0;21.39;4;4;62;3;3;7.13;2;3.56;243.09;1011.17;1.97;861.64;241.32;825.00
700.00;800.00;EdgeMesurements;0;7.60;5;3;63;3;3;2.53;9;1.25;43.98;359.51;10.87;73.33;42.94;18.00
700.00;800.00;EdgeMesurements;0;7.23;0;5;64;10;10;2.41;6;1.19;45.69;341.94;10.46;87.49;44.46;25.00
700.00;800.00;EdgeMesurements;0;28.27;0;5;65;8;8;9.42;1;4.71;219.82;1336.47;2.17;1122.97;217.52;1031.00
700.00;800.00;EdgeMesurements;0;2.73;0;3;66;1;1;0.91;3;0.44;43.32;129.96;11.12;14.00;42.12;0.00
700.00;800.00;EdgeMesurements;0;1.51;0;4;67;0;0;0.50;1;0.24;38.39;72.21;12.55;11.50;37.77;0.00
700.00;800.00;EdgeMesurements;0;6.49;0;12;68;11;11;2.16;4;1.07;34.89;309.25;13.81;18.31;34.50;0.00
700.00;800.00;EdgeMesurements;1;7.70;0;9;69;12;12;2.57;6;1.27;45.00;364.20;10.62;77.83;44.37;40.00
700.00;800.00;EdgeMesurements;4;54.50;0;29;7;44;44;18.17;12;9.04;130.02;2576.59;3.67;1884.05;128.78;1345.00
700.00;800.00;EdgeMesurements;0;3.03;0;3;70;4;4;1.01;4;0.50;39.76;144.66;12.12;20.28;38.57;0.00
700.00;800.00;EdgeMesurements;0;13.28;0;6;71;5;5;4.43;0;2.21;97.94;628.09;4.88;406.05;96.91;335.00
700.00;800.00;EdgeMesurements;0;88.35;0;22;72;16;16;29.45;12;14.68;160.18;4177.04;2.98;3278.68;158.83;2243.00
700.00;800.00;EdgeMesurements;0;19.09;0;13;73;10;10;6.36;14;3.15;77.41;902.55;6.17;487.68;76.40;377.00
700.00;800.00;EdgeMesurements;0;21.29;0;24;74;67;67;7.10;32;3.48;48.80;1006.36;9.79;298.87;47.95;138.00
700.00;800.00;EdgeMesurements;5;15.84;0;18;75;15;15;5.28;16;2.59;42.59;748.96;11.22;144.87;41.47;25.00
700.00;800.00;EdgeMesurements;0;9.77;0;11;76;4;4;3.26;15;1.60;42.12;461.74;11.34;87.94;41.26;31.00
700.00;800.00;EdgeMesurements;0;9.97;0;15;77;20;20;3.32;16;1.64;38.00;475.35;12.68;35.76;37.51;0.00
700.00;800.00;EdgeMesurements;0;10.61;0;16;78;15;15;3.54;12;1.74;37.45;506.03;12.86;40.06;36.71;0.00
700.00;800.00;EdgeMesurements;0;3.98;0;3;79;2;2;1.33;4;0.65;45.42;189.72;10.61;36.11;44.61;8.00
700.00;800.00;EdgeMesurements;0;8.10;0;7;8;8;8;2.70;3;1.33;55.63;382.80;8.59;134.49;54.75;76.00
700.00;800.00;EdgeMesurements;14;10.10;0;13;80;8;8;3.37;0;1.67;38.50;504.92;13.12;20.98;38.13;0.00
700.00;800.00;EdgeMesurements;0;148.40;0;7;81;8;8;49.47;38;24.67;330.24;7218.30;1.49;6406.89;331.38;4029.00
700.00;800.00;EdgeMesurements;0;9.10;0;1;82;5;5;3.03;13;1.51;39.51;442.75;12.44;41.84;39.12;0.00
700.00;800.00;EdgeMesurements;0;96.55;0;7;83;8;8;32.18;35;16.03;191.74;4695.99;2.56;3813.19;191.29;1445.00
700.00;800.00;EdgeMesurements;0;1.35;0;8;84;1;1;0.45;0;0.22;35.41;67.52;14.26;2.38;35.06;0.00
700.00;800.00;EdgeMesurements;0;7.59;0;10;85;5;5;2.53;8;1.25;37.18;369.08;13.22;24.70;36.82;0.00
700.00;800.00;EdgeMesurements;0;62.71;0;8;86;18;18;20.90;31;10.40;108.74;3050.40;4.52;2037.30;107.98;828.00
700.00;800.00;EdgeMesurements;19;8.93;0;8;87;7;7;2.98;0;1.47;38.11;446.49;13.25;12.31;37.75;0.00
700.00;800.00;EdgeMesurements;0;3.36;0;10;88;3;3;1.12;8;0.55;37.09;163.32;13.25;6.69;36.73;0.00
700.00;800.00;EdgeMesurements;24;20.33;0;35;89;13;13;6.78;0;3.35;36.98;1016.43;13.66;36.91;36.63;0.00
700.00;800.00;EdgeMesurements;0;3.43;0;4;9;1;1;1.14;5;0.56;40.53;163.32;11.89;17.08;39.35;0.00
700.00;800.00;EdgeMesurements;0;58.01;0;6;90;10;10;19.34;36;9.61;105.70;2821.67;4.65;1880.54;105.02;1152.00
700.00;800.00;EdgeMesurements;0;26.69;0;32;91;21;21;8.90;35;4.40;37.56;1298.11;13.08;99.91;37.19;0.00
700.00;800.00;EdgeMesurements;0;125.95;39;0;92;48;48;41.98;6;20.98;190.73;6297.35;2.65;5063.52;189.06;3986.00
700.00;800.00;EdgeMesurements;0;111.65;37;0;93;47;47;37.22;7;18.60;168.90;5582.40;2.99;4381.66;167.38;3548.00
700.00;800.00;EdgeMesurements;0;118.24;39;0;94;36;36;39.41;7;19.70;176.94;5912.07;2.85;4656.98;175.41;3692.00
700.00;800.00;EdgeMesurements;0;120.05;41;0;95;43;43;40.02;6;20.00;184.45;6002.29;2.74;4790.03;182.79;3790.00
800.00;900.00;EdgeMesurements;0;8.13;0;7;0;3;3;2.71;6;1.33;54.92;387.42;8.77;140.48;53.95;51.00
800.00;900.00;EdgeMesurements;0;4.31;0;3;1;8;8;1.44;6;0.70;42.21;205.52;11.41;37.01;40.92;4.00
800.00;900.00;EdgeMesurements;7;5.19;0;7;10;0;1;1.73;1;0.85;34.92;245.21;13.68;10.57;34.50;0.00
800.00;900.00;EdgeMesurements;0;8.26;0;10;11;14;14;2.75;11;1.35;38.36;394.01;12.56;44.56;37.54;8.00
800.00;900.00;EdgeMesurements;0;3.27;0;4;12;0;0;1.09;2;0.54;39.50;155.83;12.20;17.27;39.09;0.00
800.00;900.00;EdgeMesurements;0;5.18;0;2;13;2;2;1.73;7;0.85;40.68;246.86;11.84;35.16;39.51;0.00
800.00;900.00;EdgeMesurements;9;12.60;0;15;14;11;12;4.20;4;2.07;37.15;595.58;12.86;49.57;36.73;9.00
800.00;900.00;EdgeMesurements;0;39.64;5;3;16;2;2;13.21;12;6.58;209.47;1874.06;2.28;1567.75;208.59;931.00
800.00;900.00;EdgeMesurements;0;8.47;3;0;17;0;0;2.82;2;1.41;137.58;400.57;3.47;301.86;136.32;245.00
800.00;900.00;EdgeMesurements;3;16.77;3;13;18;20;20;5.59;11;2.75;50.61;792.75;9.44;242.88;49.60;122.00
800.00;900.00;EdgeMesurements;0;56.98;5;22;19;36;36;18.99;13;9.44;101.10;2693.96;4.73;1758.22;99.45;933.00
800.00;900.00;EdgeMesurements;0;1.04;0;0;2;1;1;0.35;3;0.17;39.91;49.36;12.07;4.40;39.34;0.00
800.00;900.00;EdgeMesurements;0;109.31;5;12;20;18;18;36.44;21;18.18;250.19;5168.02;1.91;4453.54;249.13;2763.00
800.00;900.00;EdgeMesurements;1;21.73;4;9;21;17;17;7.24;0;3.61;90.24;1027.51;5.29;626.10;89.35;522.00
800.00;900.00;EdgeMesurements;0;22.86;4;14;22;29;29;7.62;15;3.78;58.90;1080.83;8.11;430.23;58.11;244.00
800.00;900.00;EdgeMesurements;1;87.41;3;25;23;23;23;29.14;5;14.54;174.45;4132.88;2.74;3314.92;172.85;2280.00
800.00;900.00;EdgeMesurements;0;41.87;4;0;24;0;0;13.96;2;6.98;722.56;1979.60;0.66;1888.68;717.42;1585.00
800.00;900.00;EdgeMesurements;3;38.68;5;5;25;16;16;12.89;11;6.41;156.86;1828.63;3.05;1421.00;154.77;699.00
800.00;900.00;EdgeMesurements;0;47.26;4;9;26;5;5;15.75;11;7.85;181.54;2234.69;2.63;1815.52;180.40;1621.00
800.00;900.00;EdgeMesurements;4;25.64;3;9;27;9;9;8.55;9;4.24;94.84;1212.41;5.04;768.08;94.03;570.00
800.00;900.00;EdgeMesurements;0;2.88;0;1;28;9;9;0.96;9;0.47;37.49;137.27;12.85;10.54;36.89;0.00
800.00;900.00;EdgeMesurements;3;6.31;0;7;29;8;8;2.10;3;1.04;54.82;298.36;8.72;100.42;54.04;58.00
800.00;900.00;EdgeMesurements;0;5.87;0;7;3;1;1;1.96;1;0.97;48.24;277.59;9.90;84.33;47.76;41.00
800.00;900.00;EdgeMesurements;0;10.13;0;9;30;1;1;3.38;5;1.67;49.77;478.86;9.60;148.97;49.01;66.00
800.00;900.00;EdgeMesurements;0;7.91;0;9;31;3;3;2.64;9;1.29;45.58;373.90;10.48;84.58;44.61;4.00
800.00;900.00;EdgeMesurements;0;92.66;0;16;32;10;10;30.89;22;15.39;188.62;4380.85;2.53;3582.09;186.95;1331.00
800.00;900.00;EdgeMesurements;0;14.17;0;18;33;15;15;4.72;4;2.34;45.94;669.92;10.40;182.64;45.40;63.00
800.00;900.00;EdgeMesurements;8;67.48;9;20;34;24;24;22.49;23;11.16;110.61;3190.48;4.32;2136.19;108.96;754.00
800.00;900.00;EdgeMesurements;0;36.29;5;15;35;15;15;12.10;22;5.97;78.28;1715.62;6.10;974.06;76.83;461.00
800.00;900.00;EdgeMesurements;12;110.89;1;21;36;27;27;36.96;40;18.39;152.99;5242.97;3.12;4023.65;151.72;1465.00
800.00;900.00;EdgeMesurements;4;12.97;3;11;37;17;17;4.32;10;2.13;44.03;613.32;10.85;106.53;43.07;41.00
800.00;900.00;EdgeMesurements;16;64.91;6;27;38;31;31;21.64;13;10.75;102.25;3069.06;4.67;2016.67;101.43;1134.00
800.00;900.00;EdgeMesurements;12;93.98;1;28;39;17;17;31.33;15;15.60;178.49;4443.20;2.68;3584.03;176.84;2189.00
800.00;900.00;EdgeMesurements;1;11.19;0;14;4;48;48;3.73;12;1.83;39.04;528.95;12.24;52.79;38.57;10.00
800.00;900.00;EdgeMesurements;0;48.36;6;32;40;44;44;16.12;26;7.96;69.03;2286.60;6.92;1132.85;67.56;509.00
800.00;900.00;EdgeMesurements;4;17.57;3;12;41;11;11;5.86;7;2.90;67.58;830.72;7.07;386.34;66.61;248.00
800.00;900.00;EdgeMesurements;4;8.97;3;5;42;5;5;2.99;3;1.47;54.24;424.06;8.81;145.82;52.89;51.00
800.00;900.00;EdgeMesurements;17;70.66;7;25;43;30;30;23.55;50;11.66;90.39;3341.03;5.29;2026.32;89.09;667.00
800.00;900.00;EdgeMesurements;0;71.31;3;26;44;24;24;23.77;37;11.81;117.96;3371.56;4.05;2411.45;117.07;1562.00
800.00;900.00;EdgeMesurements;1;8.61;2;11;45;13;13;2.87;7;1.41;39.08;407.17;12.23;61.25;38.40;0.00
800.00;900.00;EdgeMesurements;0;2.97;0;5;46;8;8;0.99;3;0.49;44.13;140.29;10.83;27.09;43.60;11.00
800.00;900.00;EdgeMesurements;11;50.73;0;41;47;43;43;16.91;18;8.37;69.89;2398.41;6.84;1207.20;68.61;346.00
800.00;900.00;EdgeMesurements;0;2.58;0;2;48;3;3;0.86;7;0.42;38.67;122.03;12.36;19.14;37.42;0.00
800.00;900.00;EdgeMesurements;0;9.13;0;5;49;6;6;3.04;6;1.51;96.50;431.57;4.95;287.26;95.52;220.00
800.00;900.00;EdgeMesurements;0;6.31;0;8;5;13;14;2.10;3;1.04;54.32;298.44;8.80;113.05;53.36;62.00
800.00;900.00;EdgeMesurements;4;17.59;0;9;50;9;10;5.86;12;2.91;61.29;831.74;7.80;371.41;60.55;176.00
800.00;900.00;EdgeMesurements;0;2.66;0;1;51;1;1;0.89;6;0.44;40.44;126.65;11.91;13.99;39.84;0.00
800.00;900.00;EdgeMesurements;2;43.17;3;20;52;34;34;14.39;17;7.13;92.16;2041.01;5.18;1252.93;90.36;695.00
800.00;900.00;EdgeMesurements;0;27.39;8;3;53;7;7;9.13;6;4.55;120.53;1295.06;3.96;935.37;119.45;757.00
800.00;900.00;EdgeMesurements;0;58.19;1;26;54;31;31;19.40;15;9.64;114.37;2751.34;4.18;1920.40;112.76;999.00
800.00;900.00;EdgeMesurements;0;14.55;4;0;55;1;1;4.85;5;2.41;167.19;687.94;2.86;542.14;165.92;436.00
800.00;900.00;EdgeMesurements;0;40.16;4;27;56;27;27;13.39;10;6.65;65.73;1898.81;7.27;912.09;64.91;483.00
800.00;900.00;EdgeMesurements;1;24.04;6;17;57;26;26;8.01;15;3.95;53.79;1136.69;8.88;392.66;52.32;149.00
800.00;900.00;EdgeMesurements;1;22.46;3;7;58;24;24;7.49;5;3.72;88.65;1061.99;5.39;639.13;87.53;378.00
800.00;900.00;EdgeMesurements;0;33.60;3;18;59;20;20;11.20;21;5.52;61.87;1588.62;7.72;705.16;60.30;362.00
800.00;900.00;EdgeMesurements;0;2.69;0;3;6;0;0;0.90;4;0.44;48.35;127.22;9.88;38.12;47.19;12.00
800.00;900.00;EdgeMesurements;1;30.67;3;4;60;5;5;10.22;11;5.09;171.25;1450.28;2.79;1156.91;170.79;866.00
800.00;900.00;EdgeMesurements;14;59.74;3;18;61;32;33;19.91;18;9.89;116.28;2824.29;4.11;1991.64;115.45;1261.00
800.00;900.00;EdgeMesurements;0;29.91;4;1;62;11;11;9.97;7;4.97;167.95;1414.13;2.84;1099.74;166.66;655.00
800.00;900.00;EdgeMesurements;0;5.94;5;1;63;2;2;1.98;7;0.98;50.03;281.07;9.55;76.48;48.79;25.00
800.00;900.00;EdgeMesurements;0;12.22;0;11;64;15;15;4.07;8;2.00;54.86;577.78;8.71;198.39;53.07;123.00
800.00;900.00;EdgeMesurements;11;24.94;0;13;65;19;19;8.31;3;4.13;92.17;1179.23;5.18;737.79;91.54;513.00
800.00;900.00;EdgeMesurements;0;3.16;0;4;66;1;1;1.05;3;0.52;38.21;150.90;12.61;18.47;37.37;0.00
800.00;900.00;EdgeMesurements;0;3.71;0;3;67;7;7;1.24;3;0.61;40.99;176.77;11.75;20.88;40.26;0.00
800.00;900.00;EdgeMesurements;0;14.63;0;6;68;8;8;4.88;15;2.40;72.23;697.51;6.67;355.53;70.73;196.00
800.00;900.00;EdgeMesurements;5;16.46;0;18;69;33;33;5.49;11;2.70;41.18;778.17;11.60;121.15;40.53;24.00
800.00;900.00;EdgeMesurements;7;57.59;0;30;7;62;62;19.20;21;9.53;103.24;2722.71;4.63;1767.41;102.02;789.00
800.00;900.00;EdgeMesurements;0;2.96;0;4;70;3;3;0.99;3;0.49;39.51;141.11;12.19;12.07;38.59;0.00
800.00;900.00;EdgeMesurements;0;13.12;0;9;71;15;15;4.37;16;2.15;64.29;620.22;7.43;302.39;63.13;198.00
800.00;900.00;EdgeMesurements;3;88.76;0;31;72;35;35;29.59;31;14.73;136.38;4196.72;3.50;3128.70;135.76;1946.00
800.00;900.00;EdgeMesurements;0;10.76;0;11;73;2;2;3.59;11;1.76;56.70;508.66;8.43;179.35;55.61;97.00
800.00;900.00;EdgeMesurements;0;25.50;0;15;74;14;14;8.50;13;4.20;85.34;1205.66;5.60;735.44;83.36;447.00
800.00;900.00;EdgeMesurements;2;6.49;0;8;75;2;2;2.16;8;1.05;39.37;306.95;12.14;44.69;38.14;0.00
800.00;900.00;EdgeMesurements;0;5.07;0;6;76;1;1;1.69;4;0.83;51.16;239.68;9.34;60.53;50.46;30.00
800.00;900.00;EdgeMesurements;0;7.03;0;9;77;16;16;2.34;8;1.16;38.63;335.23;12.47;21.98;38.14;0.00
800.00;900.00;EdgeMesurements;0;7.83;0;8;78;11;11;2.61;11;1.29;38.45;373.36;12.53;31.16;37.74;0.00
800.00;900.00;EdgeMesurements;0;2.78;0;3;79;1;1;0.93;5;0.45;40.39;132.45;11.93;18.23;39.73;0.00
800.00;900.00;EdgeMesurements;0;6.35;0;6;8;6;6;2.12;6;1.04;55.97;300.12;8.54;118.06;54.20;60.00
800.00;900.00;EdgeMesurements;0;1.38;0;2;80;0;0;0.46;0;0.23;39.10;68.96;12.92;0.47;38.71;0.00
800.00;900.00;EdgeMesurements;0;140.82;0;58;81;6;6;46.94;30;23.36;186.59;6849.66;2.63;5494.27;185.53;3080.00
800.00;900.00;EdgeMesurements;0;9.24;0;17;82;2;3;3.08;2;1.53;38.82;449.19;12.66;37.80;38.43;0.00
800.00;900.00;EdgeMesurements;0;84.92;0;60;83;15;15;28.31;32;14.05;106.63;4130.50;4.61;2740.49;105.91;1472.00
800.00;900.00;EdgeMesurements;20;17.81;0;18;84;9;9;5.94;0;2.95;39.07;890.38;12.92;43.51;38.71;0.00
800.00;900.00;EdgeMesurements;0;16.65;0;32;85;6;6;5.55;18;2.74;40.89;810.08;12.02;85.44;40.48;0.00
800.00;900.00;EdgeMesurements;0;45.75;0;60;86;19;19;15.25;29;7.53;58.96;2225.42;8.33;851.12;58.22;254.00
800.00;900.00;EdgeMesurements;14;9.98;0;14;87;5;5;3.33;0;1.65;35.73;499.19;14.13;16.66;35.38;0.00
800.00;900.00;EdgeMesurements;0;14.21;0;13;88;15;15;4.74;14;2.35;36.15;691.10;13.59;40.79;35.79;0.00
800.00;900.00;EdgeMesurements;22;15.12;0;18;89;10;10;5.04;0;2.50;37.96;756.22;13.30;24.41;37.60;0.00
800.00;900.00;EdgeMesurements;0;3.31;0;4;9;1;1;1.10;4;0.54;39.41;157.64;12.23;22.46;38.25;0.00
800.00;900.00;EdgeMesurements;0;39.51;0;60;90;11;11;13.17;19;6.50;49.38;1921.97;9.95;504.19;48.74;34.00
800.00;900.00;EdgeMesurements;0;14.24;0;11;91;13;13;4.75;18;2.35;39.67;692.59;12.39;36.23;39.27;0.00
800.00;900.00;EdgeMesurements;0;160.46;39;0;92;31;31;53.49;58;26.68;208.52;8023.12;2.42;6626.81;208.54;3348.00
800.00;900.00;EdgeMesurements;0;146.62;40;0;93;29;29;48.87;60;24.38;186.72;7330.89;2.70;5911.51;186.77;3080.00
800.00;900.00;EdgeMesurements;0;152.11;36;0;94;20;20;50.70;60;25.29;203.30;7605.35;2.48;6223.57;203.52;3263.00
800.00;900.00;EdgeMesurements;0;161.94;38;0;95;33;33;53.98;60;26.93;203.71;8097.00;2.48;6638.26;203.83;3457.00
900.00;1000.00;EdgeMesurements;0;5.00;0;6;0;2;2;1.67;3;0.82;47.89;238.49;10.06;68.98;47.02;19.00
900.00;1000.00;EdgeMesurements;0;0.27;0;1;1;0;0;0.09;0;0.04;40.29;12.71;11.96;0.34;39.87;0.00
900.00;1000.00;EdgeMesurements;0;0.72;0;3;10;2;2;0.24;0;0.12;36.29;34.18;13.17;3.30;35.91;0.00
900.00;1000.00;EdgeMesurements;0;2.17;0;6;11;2;2;0.72;1;0.35;45.94;103.36;10.49;27.40;45.05;15.00
900.00;1000.00;EdgeMesurements;0;4.51;0;3;12;0;0;1.50;4;0.74;54.83;215.13;8.79;80.73;54.02;36.00
900.00;1000.00;EdgeMesurements;0;4.93;0;6;13;4;4;1.64;6;0.81;39.18;235.11;12.30;29.11;38.13;0.00
900.00;1000.00;EdgeMesurements;3;5.13;0;7;14;15;15;1.71;4;0.84;58.51;242.63;8.17;105.03;57.55;52.00
900.00;1000.00;EdgeMesurements;0;0.23;0;1;15;1;1;0.08;0;0.04;33.34;10.70;14.33;0.59;32.99;0.00
900.00;1000.00;EdgeMesurements;0;28.25;5;1;16;0;0;9.42;11;4.68;214.01;1335.83;2.23;1101.96;212.93;736.00
900.00;1000.00;EdgeMesurements;0;11.25;3;2;17;1;3;3.75;6;1.86;146.00;531.75;3.27;402.33;144.93;346.00
900.00;1000.00;EdgeMesurements;2;8.29;3;6;18;4;4;2.76;12;1.35;50.56;391.87;9.45;126.67;48.75;17.00
900.00;1000.00;EdgeMesurements;12;48.62;5;18;19;47;48;16.21;25;8.04;81.64;2298.64;5.85;1318.76;80.94;618.00
900.00;1000.00;EdgeMesurements;0;3.21;0;5;2;9;9;1.07;1;0.53;39.27;152.87;12.27;4.48;38.83;0.00
900.00;1000.00;EdgeMesurements;0;115.82;5;18;20;16;16;38.61;18;19.27;289.69;5475.77;1.65;4815.78;288.86;4212.00
900.00;1000.00;EdgeMesurements;2;40.57;4;5;21;3;3;13.52;3;6.76;246.03;1918.24;1.94;1639.45;243.94;1377.00
900.00;1000.00;EdgeMesurements;3;20.29;4;11;22;24;24;6.76;17;3.34;60.08;959.28;7.95;391.13;59.21;241.00
900.00;1000.00;EdgeMesurements;0;110.61;3;12;23;14;14;36.87;23;18.35;330.55;5229.71;1.45;4668.23;328.16;2616.00
900.00;1000.00;EdgeMesurements;0;42.48;4;0;24;6;6;14.16;11;7.06;350.85;2008.55;1.36;1809.01;352.05;1333.00
900.00;1000.00;EdgeMesurements;2;30.70;5;11;25;17;17;10.23;10;5.07;124.54;1451.31;3.84;1034.76;122.94;524.00
900.00;1000.00;EdgeMesurements;0;53.94;4;12;26;14;14;17.98;13;8.96;182.49;2550.47;2.62;2047.18;181.43;1525.00
900.00;1000.00;EdgeMesurements;1;13.03;3;7;27;8;8;4.34;18;2.12;57.86;615.91;8.26;247.08;56.13;98.00
900.00;1000.00;EdgeMesurements;0;4.14;0;7;28;6;6;1.38;6;0.68;36.42;197.28;13.23;11.26;35.96;0.00
900.00;1000.00;EdgeMesurements;5;10.36;0;7;29;11;11;3.45;4;1.71;56.14;490.01;8.51;188.83;55.35;121.00
900.00;1000.00;EdgeMesurements;0;7.42;0;4;3;2;2;2.47;7;1.22;62.41;351.02;7.66;152.74;61.53;90.00
900.00;1000.00;EdgeMesurements;0;16.47;0;11;30;4;4;5.49;12;2.72;76.44;778.49;6.25;425.07;75.59;299.00
900.00;1000.00;EdgeMesurements;0;6.91;0;5;31;4;4;2.30;9;1.13;38.74;326.48;12.33;50.91;37.99;5.00
900.00;1000.00;EdgeMesurements;1;62.91;0;7;32;7;7;20.97;12;10.45;235.85;2974.16;2.03;2536.24;234.28;402.00
900.00;1000.00;EdgeMesurements;0;36.75;0;40;33;74;74;12.25;33;6.01;53.99;1737.57;8.85;593.73;53.05;315.00
900.00;1000.00;EdgeMesurements;3;68.66;6;12;34;15;15;22.89;8;11.41;152.59;3246.13;3.13;2492.97;151.24;1483.00
900.00;1000.00;EdgeMesurements;0;31.55;5;15;35;13;13;10.52;23;5.20;82.90;1491.79;5.76;866.14;81.45;566.00
900.00;1000.00;EdgeMesurements;14;60.62;1;12;36;23;23;20.21;11;10.06;169.25;2866.09;2.82;2295.31;168.63;1273.00
900.00;1000.00;EdgeMesurements;9;12.00;3;15;37;11;11;4.00;6;1.97;39.64;567.33;12.05;65.51;38.54;2.00
900.00;1000.00;EdgeMesurements;1;122.57;6;34;38;26;26;40.86;15;20.36;183.67;5795.08;2.60;4705.18;182.02;3094.00
900.00;1000.00;EdgeMesurements;6;86.26;1;15;39;11;11;28.75;15;14.32;262.63;4078.53;1.82;3556.18;261.75;2353.00
900.00;1000.00;EdgeMesurements;7;18.34;0;21;4;47;47;6.11;11;3.01;42.66;867.20;11.20;180.52;42.13;65.00
900.00;1000.00;EdgeMesurements;0;68.28;6;29;40;40;40;22.76;18;11.30;91.78;3228.40;5.21;1991.05;90.46;957.00
900.00;1000.00;EdgeMesurements;9;21.30;3;21;41;35;35;7.10;13;3.49;41.10;1006.97;11.62;127.70;40.22;5.00
900.00;1000.00;EdgeMesurements;2;18.81;3;11;42;8;8;6.27;9;3.10;60.94;889.15;7.84;373.72;60.09;119.00
900.00;1000.00;EdgeMesurements;7;38.05;7;23;43;31;31;12.68;14;6.28;59.09;1799.20;8.09;755.76;57.89;291.00
900.00;1000.00;EdgeMesurements;0;37.83;3;12;44;16;16;12.61;22;6.27;81.29;1788.43;5.88;1014.94;80.62;667.00
900.00;1000.00;EdgeMesurements;10;15.26;2;15;45;17;17;5.09;8;2.51;38.51;721.70;12.41;64.62;37.97;0.00
900.00;1000.00;EdgeMesurements;0;21.67;0;22;46;30;30;7.22;9;3.57;46.87;1024.34;10.19;276.89;46.30;132.00
900.00;1000.00;EdgeMesurements;2;88.48;0;41;47;31;31;29.49;12;14.68;104.38;4183.45;4.58;2785.90;103.02;1446.00
900.00;1000.00;EdgeMesurements;0;8.86;0;9;48;7;7;2.95;5;1.46;47.07;419.04;10.15;107.90;46.19;13.00
900.00;1000.00;EdgeMesurements;0;8.62;0;6;49;6;6;2.87;1;1.43;61.82;407.35;7.73;175.75;61.23;112.00
900.00;1000.00;EdgeMesurements;0;23.58;0;25;5;55;55;7.86;17;3.87;44.64;1115.07;10.70;224.42;43.82;95.00
900.00;1000.00;EdgeMesurements;0;32.30;0;27;50;40;40;10.77;1;5.35;75.09;1527.04;6.36;834.41;74.31;607.00
900.00;1000.00;EdgeMesurements;0;7.06;0;10;51;13;13;2.35;6;1.16;36.55;336.70;13.18;17.47;36.10;0.00
900.00;1000.00;EdgeMesurements;0;81.91;3;14;52;19;19;27.30;2;13.64;270.18;3872.72;1.77;3371.42;267.36;2840.00
900.00;1000.00;EdgeMesurements;0;31.01;8;2;53;4;4;10.34;8;5.15;156.63;1466.26;3.05;1141.87;155.36;895.00
900.00;1000.00;EdgeMesurements;0;61.39;1;10;54;14;14;20.46;11;10.20;294.83;2902.71;1.62;2546.29;293.74;1794.00
900.00;1000.00;EdgeMesurements;0;14.55;4;0;55;0;0;4.85;4;2.42;154.52;688.05;3.09;531.65;153.01;434.00
900.00;1000.00;EdgeMesurements;0;44.95;4;25;56;24;24;14.98;48;7.37;67.30;2125.30;7.10;1019.60;65.67;269.00
900.00;1000.00;EdgeMesurements;0;34.80;6;13;57;19;19;11.60;10;5.77;88.70;1645.39;5.39;1008.81;87.81;788.00
900.00;1000.00;EdgeMesurements;0;36.49;3;5;58;8;8;12.16;1;6.08;218.66;1725.17;2.19;1458.50;216.37;1279.00
900.00;1000.00;EdgeMesurements;0;36.93;3;24;59;39;39;12.31;26;6.08;59.46;1746.08;8.04;725.03;58.61;318.00
900.00;1000.00;EdgeMesurements;0;4.31;0;5;6;3;3;1.44;6;0.71;41.29;203.92;11.57;34.28;40.60;11.00
900.00;1000.00;EdgeMesurements;2;17.63;3;3;60;10;10;5.88;9;2.90;130.67;833.42;3.66;619.10;127.07;327.00
900.00;1000.00;EdgeMesurements;2;36.86;3;13;61;23;24;12.29;8;6.11;114.13;1742.91;4.19;1219.22;112.41;644.00
900.00;1000.00;EdgeMesurements;0;16.52;4;0;62;1;1;5.51;13;2.73;172.03;781.19;2.78;619.36;172.38;436.00
900.00;1000.00;EdgeMesurements;0;6.31;5;2;63;2;2;2.10;6;1.04;47.97;298.33;9.96;71.37;46.80;9.00
900.00;1000.00;EdgeMesurements;0;19.70;0;13;64;9;9;6.57;10;3.26;82.86;931.64;5.77;534.65;82.04;389.00
900.00;1000.00;EdgeMesurements;3;30.65;0;9;65;11;11;10.22;4;5.09;172.30;1449.35;2.77;1156.50;171.03;985.00
900.00;1000.00;EdgeMesurements;0;3.41;0;4;66;3;3;1.14;5;0.55;40.10;162.43;12.01;28.04;38.79;0.00
900.00;1000.00;EdgeMesurements;0;3.62;0;4;67;4;4;1.21;4;0.59;66.60;172.55;7.23;81.74;65.37;48.00
900.00;1000.00;EdgeMesurements;0;4.03;0;6;68;8;8;1.34;1;0.67;39.36;192.26;12.24;26.64;38.77;6.00
900.00;1000.00;EdgeMesurements;6;9.62;0;10;69;31;31;3.21;9;1.57;40.14;454.71;11.90;42.77;39.58;0.00
900.00;1000.00;EdgeMesurements;6;79.84;0;33;7;45;45;26.61;8;13.25;109.05;3775.03;4.38;2561.63;107.54;1099.00
900.00;1000.00;EdgeMesurements;0;4.39;0;5;70;0;0;1.46;4;0.72;40.51;209.48;11.89;21.00;39.55;0.00
900.00;1000.00;EdgeMesurements;0;2.38;0;1;71;3;3;0.79;3;0.39;78.72;112.71;6.07;65.04;76.82;33.00
900.00;1000.00;EdgeMesurements;7;72.77;0;22;72;32;32;24.26;34;12.03;151.63;3440.48;3.15;2639.08;150.69;1191.00
900.00;1000.00;EdgeMesurements;0;9.59;0;10;73;4;4;3.20;12;1.57;42.53;453.23;11.23;66.64;41.70;3.00
900.00;1000.00;EdgeMesurements;0;31.49;0;26;74;58;58;10.50;24;5.18;50.67;1488.79;9.43;450.61;49.79;148.00
900.00;1000.00;EdgeMesurements;8;14.18;0;15;75;16;16;4.73;5;2.34;40.85;670.66;11.70;96.56;40.22;40.00
900.00;1000.00;EdgeMesurements;0;4.10;0;3;76;3;3;1.37;5;0.67;47.32;194.01;10.10;50.58;46.28;26.00
900.00;1000.00;EdgeMesurements;0;14.33;0;17;77;20;20;4.78;15;2.36;37.11;683.35;12.98;53.88;36.66;0.00
900.00;1000.00;EdgeMesurements;0;10.41;0;15;78;5;5;3.47;8;1.72;36.25;496.47;13.29;33.74;35.86;0.00
900.00;1000.00;EdgeMesurements;0;3.91;0;5;79;0;0;1.30;2;0.64;41.00;186.19;11.75;38.16;40.49;9.00
900.00;1000.00;EdgeMesurements;0;7.30;0;8;8;18;18;2.43;5;1.19;48.80;345.05;9.79;81.98;47.31;21.00
900.00;1000.00;EdgeMesurements;17;11.65;0;15;80;2;2;3.88;0;1.92;38.28;582.40;13.19;30.34;37.91;0.00
900.00;1000.00;EdgeMesurements;0;139.03;0;6;81;16;16;46.34;47;23.09;198.57;6762.23;2.47;5483.05;198.14;1558.00
900.00;1000.00;EdgeMesurements;0;5.82;0;13;82;3;3;1.94;15;0.95;38.43;283.29;12.79;24.91;38.05;0.00
900.00;1000.00;EdgeMesurements;0;84.37;0;6;83;10;10;28.12;43;14.00;138.63;4103.95;3.54;3039.97;138.12;804.00
900.00;1000.00;EdgeMesurements;39;27.82;0;34;84;17;17;9.27;0;4.60;39.59;1390.75;12.76;155.61;39.22;0.00
900.00;1000.00;EdgeMesurements;0;23.84;0;18;85;8;8;7.95;34;3.94;38.33;1159.65;12.82;133.26;37.93;0.00
900.00;1000.00;EdgeMesurements;0;67.21;0;6;86;13;13;22.40;41;11.13;113.54;3268.97;4.33;2192.37;112.84;817.00
900.00;1000.00;EdgeMesurements;17;12.57;0;17;87;10;10;4.19;0;2.08;37.07;628.46;13.62;23.07;36.71;0.00
900.00;1000.00;EdgeMesurements;0;13.97;0;19;88;9;9;4.66;17;2.30;37.14;679.56;13.23;46.30;36.76;0.00
900.00;1000.00;EdgeMesurements;10;8.01;0;10;89;9;9;2.67;0;1.32;39.09;400.63;12.92;12.44;38.70;0.00
900.00;1000.00;EdgeMesurements;0;4.35;0;6;9;2;2;1.45;3;0.71;38.06;207.19;12.66;17.75;37.26;0.00
900.00;1000.00;EdgeMesurements;0;82.28;0;6;90;26;26;27.43;43;13.62;147.60;4002.07;3.33;2991.42;146.46;1075.00
900.00;1000.00;EdgeMesurements;0;9.26;0;13;91;8;8;3.09;10;1.53;35.79;450.62;13.73;18.13;35.43;0.00
900.00;1000.00;EdgeMesurements;0;154.55;38;0;92;22;22;51.52;6;25.75;231.41;7727.49;2.18;6496.90;229.34;4928.00
900.00;1000.00;EdgeMesurements;0;132.67;36;0;93;20;20;44.22;6;22.10;204.39;6633.48;2.47;5463.87;202.55;4325.00
900.00;1000.00;EdgeMesurements;0;135.60;39;0;94;37;37;45.20;6;22.59;204.45;6779.76;2.47;5540.54;202.62;4356.00
900.00;1000.00;EdgeMesurements;0;148.63;41;0;95;22;22;49.54;6;24.76;219.53;7431.48;2.30;6162.45;217.55;4746.00
